Workbook

Sheet 📋 คำแนะนำ
B1: 📊 เครื่องมือวิเคราะห์ข้อมูลวิจัย | Four-tier + POE | คลื่นกล ม.5
B2: รูปแบบการสอน: 5E + POE + สื่อดิจิทัล | วิจัยในชั้นเรียน | ระดับชั้น ม.5
B4: Sheet | C4: ชื่อ Sheet | D4: ใช้สำหรับ | E4: ป้อนข้อมูลที่
B5: 1 | C5: 📋 คำแนะนำ | D5: อ่านก่อนใช้งาน — โครงสร้างและวิธีใช้ทั้งหมด | E5: —
B6: 2 | C6: 📥 ข้อมูลนักเรียน | D6: กรอกรายชื่อนักเรียนและข้อมูลพื้นฐาน 1 ครั้ง | E6: คอลัมน์ B–G
B7: 3 | C7: 🔬 POE บันทึก | D7: กรอกคะแนน POE แต่ละแผนการสอน (10 แผน) | E7: คอลัมน์ D–M
B8: 4 | C8: 📝 Four-tier กรอก | D8: กรอกคำตอบ Tier 1–4 ของนักเรียนแต่ละคน | E8: คอลัมน์ D–Q
B9: 5 | C9: 🤖 Four-tier วิเคราะห์ | D9: Auto-classify: Sound/Misconception/Guess/NoK | E9: ไม่ต้องกรอก (Auto)
B10: 6 | C10: 📊 สรุป Misconception | D10: ตาราง M1–M5 ก่อน/หลังเรียน + เปอร์เซ็นต์ | E10: ไม่ต้องกรอก (Auto)
B11: 7 | C11: 📈 Dashboard | D11: กราฟสรุปภาพรวม Pre→Post + POE trend | E11: ไม่ต้องกรอก (Auto)
B12: 8 | C12: 🔗 POE-Fourtier เทียบ | D12: เทียบ gap ระหว่าง POE predict กับ Four-tier result | E12: ไม่ต้องกรอก (Auto)
B14: สีหมายถึง:
C15: เซลล์สีเหลือง = ต้องกรอกข้อมูลด้วยมือ
C16: เซลล์สีเขียว = คำนวณอัตโนมัติ ห้ามแก้ไข
C17: เซลล์สีแดง = พบ Misconception ชัดเจน
C18: เซลล์สีฟ้า = ข้อมูลอ้างอิง / หัวตาราง
B20: เกณฑ์การให้คะแนน POE Rubric
B21: คะแนน | C21: เกณฑ์ Predict (P) | D21: เกณฑ์ Explain (E) | E21: ความหมาย
B22: 0 | C22: ทำนายผิด | D22: อธิบายไม่เชื่อมกับ Observe | E22: ไม่มีการเปลี่ยนแปลงมโนทัศน์
B23: 1 | C23: ทำนายผิด | D23: อธิบายเชื่อมบางส่วน | E23: เริ่มเกิดความสงสัย (Cognitive Conflict)
B24: 2 | C24: ทำนายผิด | D24: อธิบายถูกต้องสมบูรณ์ | E24: มโนทัศน์เปลี่ยนแปลงได้ (Conceptual Change)
B25: 3 | C25: ทำนายถูก | D25: อธิบายถูกต้องสมบูรณ์ | E25: เข้าใจถูกต้องตั้งแต่ต้น (Sound Understanding)
B27: รูปแบบคำตอบ Four-tier → Auto-classification
B28: Tier1 | C28: Tier2 (มั่นใจ) | D28: Tier3 | E28: Tier4 (มั่นใจ) | F28: จำแนกเป็น | G28: ความหมาย
B29: ถูก | C29: มั่นใจ | D29: ถูก | E29: มั่นใจ | F29: ✅ Sound Understanding | G29: เข้าใจถูกต้องจริง
B30: ถูก | C30: มั่นใจ | D30: ผิด | E30: มั่นใจ | F30: 🎲 Lucky Guess | G30: เดาถูก (ไม่เข้าใจจริง)
B31: ผิด | C31: มั่นใจ | D31: ผิด | E31: มั่นใจ | F31: ❌ Misconception | G31: มโนทัศน์คลาดเคลื่อน
B32: ผิด | C32: ไม่มั่นใจ | D32: ผิด | E32: ไม่มั่นใจ | F32: ❓ Lack of Knowledge | G32: ขาดความรู้
B33: ถูก | C33: ไม่มั่นใจ | D33: ถูก | E33: ไม่มั่นใจ | F33: 🤔 Partial Understanding | G33: รู้บางส่วน ยังไม่มั่นใจ
B34: ผิด | C34: มั่นใจ | D34: ถูก | E34: มั่นใจ | F34: ⚠️ Mixed | G34: สับสน / ตอบขัดแย้ง

Sheet 📥 วาง Raw FT
B2: 📥 วิธีนำคะแนนจาก Google Sheet Database มาใส่ไฟล์นี้
B4: STEP 1 | C4: 📋 เตรียมรายชื่อ | D4: Copy student_id + ชื่อ + class จาก `StudentMaster` → paste ที่ Sheet `📥 ข้อมูลนักเรียน` คอลัมน์ B, C, E (เติม ม.5/4 35 คน · ม.5/5 7 คน default ให้แล้ว · ปรับได้)
B5: STEP 2 | C5: 🎯 รัน Auto-score ก่อน | D5: ใน Google Sheet → `🎯 Auto-score → 1️⃣ Score FT-01` + `2️⃣ Score FT-02` → จะได้ `FT01_Scored` / `FT02_Scored`
B6: STEP 3 | C6: 📝 วาง Four-tier (Pre) | D6: เปิด sheet `FT01` → เลือกคอลัมน์ q1_t1..q20_t4 (80 คอลัมน์ · คำตอบจริงของนักเรียน · ไม่ใช่ _cat) → Copy → มาที่ `📝 Four-tier กรอก` → วางที่เซลล์ **D7** (Pre-test นักเรียนคนแรก)
B7: STEP 4 | C7: 📝 วาง Four-tier (Post) | D7: sheet `FT02` → q1_t1..q20_t4 → วางที่ **D52** (Post-test block)
B8: STEP 5 | C8: 🔑 KEY ใส่ให้แล้ว | D8: KEY row 6 (Pre) + row 51 (Post) · 20 ข้อครบตาม `KEY_FT` จาก SHEET_FORMULAS.md · ถ้าแก้ข้อใด ให้แก้ในเซลล์สีเหลือง
B9: STEP 6 | C9: 🤖 ดูผลอัตโนมัติ | D9: เปิด `🤖 Four-tier วิเคราะห์` · `📊 สรุป Misconception` · `📈 Dashboard` → ระบบ classify Sound/MC/Guess/NoK ให้ทันที
B10: STEP 7 | C10: 🔬 POE (0-3) | D10: `🔬 POE บันทึก` → P-score + E-score ต่อแผน · copy จาก `POE_P{n}` column p_score/e_score หรือกรอกมือ · คะแนนรวมท้าย column AN/AO คำนวณอัตโนมัติ
B11: STEP 8 | C11: 📋 Formative F1-F9 | D11: `📋 Formative รายคาบ` → ข้อ 1-4 ต่อแผน · Pre+Post · paste จาก `F_Pre_P{n}` / `F_Post_P{n}` · อย่าลืมกรอก KEY แต่ละแผน (row 8 ของแต่ละ block)
B13: 🗺 Column Mapping · Google Sheet → ไฟล์นี้
B14: Google Sheet | C14: Column ต้นทาง | D14: ปลายทางในไฟล์นี้
B15: FT01 | C15: q1_t1 ถึง q20_t4 (80 cols) | D15: 📝 Four-tier กรอก · D7:CE46 (Pre)
B16: FT02 | C16: q1_t1 ถึง q20_t4 (80 cols) | D16: 📝 Four-tier กรอก · D52:CE91 (Post)
B17: POE_P1..P10 | C17: p_score, e_score (0-3) | D17: 🔬 POE บันทึก · D:AM ตามแผน
B18: F_Pre_P{n} | C18: q1_t1..q4_t4 (16 cols) | D18: 📋 Formative รายคาบ · Pre block
B19: F_Post_P{n} | C19: q1_t1..q4_t4 (16 cols) | D19: 📋 Formative รายคาบ · Post block
B20: StudentMaster | C20: student_id, name, class | D20: 📥 ข้อมูลนักเรียน · B, C, E
B23: 💡 Tips
B24: • ใช้ `Paste Special → Values Only` (Cmd+Shift+V) เพื่อไม่พา format จาก Google Sheet มาทับ
B25: • ถ้า Google Sheet มี timestamp/student_id นำหน้า → Copy เฉพาะ q1_t1 ไปขวามือ (ไม่รวม metadata ฝั่งซ้าย)
B26: • เรียงแถวนักเรียนให้ตรงกันทั้ง Pre และ Post (ใช้ student_id sort ก่อน copy)
B27: • T2/T4 ในฐานข้อมูลเป็นตัวเลข 1-5 → ไฟล์นี้ใช้ Y/N · ใช้สูตรแปลง =IF(N>=4,"Y","N") ในคอลัมน์ช่วยก่อน paste
B28: • ถ้านักเรียน > 42 คน ต่อห้อง → ขยาย row ใน Sheet `📥 ข้อมูลนักเรียน` (copy สูตรลงมา)

Sheet 📥 ข้อมูลนักเรียน
B1: ข้อมูลพื้นฐานนักเรียน — กรอกครั้งเดียว ใช้ได้ทุก Sheet
B2: ⚠️ กรอกข้อมูลในเซลล์สีเหลืองเท่านั้น | ห้ามลบหรือแก้ไขแถวหัวตาราง
A3: ที่ | B3: เลขที่ | C3: ชื่อ-สกุลนักเรียน | D3: เพศ | E3: กลุ่มเรียน | F3: Pre-test (คะแนนเต็ม 20) | G3: Post-test (คะแนนเต็ม 20) | H3: หมายเหตุ
A4: 1 | E4: ม.5/4
A5: 2 | E5: ม.5/4
A6: 3 | E6: ม.5/4
A7: 4 | E7: ม.5/4
A8: 5 | E8: ม.5/4
A9: 6 | E9: ม.5/4
A10: 7 | E10: ม.5/4
A11: 8 | E11: ม.5/4
A12: 9 | E12: ม.5/4
A13: 10 | E13: ม.5/4
A14: 11 | E14: ม.5/4
A15: 12 | E15: ม.5/4
... A43: 40 | E43: ม.5/5
B44: สรุป (Auto) | F44: =IFERROR(AVERAGE(F4:F43),"—") | G44: =IFERROR(AVERAGE(G4:G43),"—")
B45: จำนวนนักเรียนทั้งหมด | F45: =COUNTA(C4:C43) | G45: =COUNTA(G4:G43)

Sheet 🔬 POE บันทึก
B1: 🔬 บันทึกคะแนน POE — กรอกคะแนน 0–3 ตามเกณฑ์ใน Sheet คำแนะนำ
B2: ที่ | C2: ชื่อนักเรียน | D2: แผนที่ 1 | J2: แผนที่ 2 | P2: แผนที่ 3 | T2: แผนที่ 4 | V2: แผนที่ 5 | Z2: แผนที่ 6 | AD2: แผนที่ 7 | AH2: แผนที่ 8 | AJ2: แผนที่ 9 | AL2: แผนที่ 10
B3: ที่ | C3: ชื่อนักเรียน | D3: แผน1 สปริง P1 (P) | E3: แผน1 สปริง P1 (รวม) | F3: แผน1 สปริง P2 (P) | G3: แผน1 สปริง P2 (รวม) | H3: แผน1 PhET P1 (P) | I3: แผน1 PhET P1 (รวม) | J3: แผน2 กราฟ P1 (P) | K3: แผน2 กราฟ P1 (รวม) | L3: แผน2 PhET P2 (P) | M3: แผน2 PhET P2 (รวม) | N3: แผน2 เฟส P3 (P) | O3: แผน2 เฟส P3 (รวม) | P3: แผน3 เชือก P1 (P) | Q3: แผน3 เชือก P1 (รวม) | R3: แผน3 v=fλ P2 (P) | S3: แผน3 v=fλ P2 (รวม) | T3: แผน4 คำนวณ P1 (P) | U3: แผน4 คำนวณ P1 (รวม) | V3: แผน5 ฮอย P1 (P) | W3: แผน5 ฮอย P1 (รวม) | X3: แผน5 ซ้อน P2 (P) | Y3: แผน5 ซ้อน P2 (รวม) | Z3: แผน6 สะท้อน P1 (P) | AA3: แผน6 สะท้อน P1 (รวม) | AB3: แผน6 หักเห P2 (P) | AC3: แผน6 หักเห P2 (รวม) | AD3: แผน7 แทรก P1 (P) | AE3: แผน7 แทรก P1 (รวม) | AF3: แผน7 นิ่ง P2 (P) | AG3: แผน7 นิ่ง P2 (รวม) | AH3: แผน8 เลี้ยว P1 (P) | AI3: แผน8 เลี้ยว P1 (รวม) | AJ3: แผน9 บูรณา P1 (P) | AK3: แผน9 บูรณา P1 (รวม) | AL3: แผน10 ทบทวน P1 (P) | AM3: แผน10 ทบทวน P1 (รวม) | AN3: คะแนน รวม POE | AO3: เฉลี่ย รวม
B4: ='📥 ข้อมูลนักเรียน'!B4 | C4: ='📥 ข้อมูลนักเรียน'!C4 | AN4: =SUM(D4,E4,F4,G4,H4,I4,J4,K4,L4,M4,N4,O4,P4,Q4,R4,S4,T4,U4,V4,W4,X4,Y4,Z4,AA4,AB4,AC4,AD4,AE4,AF4,AG4,AH4,AI4,AJ4,AK4,AL4,AM4) | AO4: =IFERROR(AN4/36,0)
B5: ='📥 ข้อมูลนักเรียน'!B5 | C5: ='📥 ข้อมูลนักเรียน'!C5 | AN5: =SUM(D5,E5,F5,G5,H5,I5,J5,K5,L5,M5,N5,O5,P5,Q5,R5,S5,T5,U5,V5,W5,X5,Y5,Z5,AA5,AB5,AC5,AD5,AE5,AF5,AG5,AH5,AI5,AJ5,AK5,AL5,AM5) | AO5: =IFERROR(AN5/36,0)
B6: ='📥 ข้อมูลนักเรียน'!B6 | C6: ='📥 ข้อมูลนักเรียน'!C6 | AN6: =SUM(D6,E6,F6,G6,H6,I6,J6,K6,L6,M6,N6,O6,P6,Q6,R6,S6,T6,U6,V6,W6,X6,Y6,Z6,AA6,AB6,AC6,AD6,AE6,AF6,AG6,AH6,AI6,AJ6,AK6,AL6,AM6) | AO6: =IFERROR(AN6/36,0)
B7: ='📥 ข้อมูลนักเรียน'!B7 | C7: ='📥 ข้อมูลนักเรียน'!C7 | AN7: =SUM(D7,E7,F7,G7,H7,I7,J7,K7,L7,M7,N7,O7,P7,Q7,R7,S7,T7,U7,V7,W7,X7,Y7,Z7,AA7,AB7,AC7,AD7,AE7,AF7,AG7,AH7,AI7,AJ7,AK7,AL7,AM7) | AO7: =IFERROR(AN7/36,0)
B8: ='📥 ข้อมูลนักเรียน'!B8 | C8: ='📥 ข้อมูลนักเรียน'!C8 | AN8: =SUM(D8,E8,F8,G8,H8,I8,J8,K8,L8,M8,N8,O8,P8,Q8,R8,S8,T8,U8,V8,W8,X8,Y8,Z8,AA8,AB8,AC8,AD8,AE8,AF8,AG8,AH8,AI8,AJ8,AK8,AL8,AM8) | AO8: =IFERROR(AN8/36,0)
B9: ='📥 ข้อมูลนักเรียน'!B9 | C9: ='📥 ข้อมูลนักเรียน'!C9 | AN9: =SUM(D9,E9,F9,G9,H9,I9,J9,K9,L9,M9,N9,O9,P9,Q9,R9,S9,T9,U9,V9,W9,X9,Y9,Z9,AA9,AB9,AC9,AD9,AE9,AF9,AG9,AH9,AI9,AJ9,AK9,AL9,AM9) | AO9: =IFERROR(AN9/36,0)
B10: ='📥 ข้อมูลนักเรียน'!B10 | C10: ='📥 ข้อมูลนักเรียน'!C10 | AN10: =SUM(D10,E10,F10,G10,H10,I10,J10,K10,L10,M10,N10,O10,P10,Q10,R10,S10,T10,U10,V10,W10,X10,Y10,Z10,AA10,AB10,AC10,AD10,AE10,AF10,AG10,AH10,AI10,AJ10,AK10,AL10,AM10) | AO10: =IFERROR(AN10/36,0)
B11: ='📥 ข้อมูลนักเรียน'!B11 | C11: ='📥 ข้อมูลนักเรียน'!C11 | AN11: =SUM(D11,E11,F11,G11,H11,I11,J11,K11,L11,M11,N11,O11,P11,Q11,R11,S11,T11,U11,V11,W11,X11,Y11,Z11,AA11,AB11,AC11,AD11,AE11,AF11,AG11,AH11,AI11,AJ11,AK11,AL11,AM11) | AO11: =IFERROR(AN11/36,0)
B12: ='📥 ข้อมูลนักเรียน'!B12 | C12: ='📥 ข้อมูลนักเรียน'!C12 | AN12: =SUM(D12,E12,F12,G12,H12,I12,J12,K12,L12,M12,N12,O12,P12,Q12,R12,S12,T12,U12,V12,W12,X12,Y12,Z12,AA12,AB12,AC12,AD12,AE12,AF12,AG12,AH12,AI12,AJ12,AK12,AL12,AM12) | AO12: =IFERROR(AN12/36,0)
B13: ='📥 ข้อมูลนักเรียน'!B13 | C13: ='📥 ข้อมูลนักเรียน'!C13 | AN13: =SUM(D13,E13,F13,G13,H13,I13,J13,K13,L13,M13,N13,O13,P13,Q13,R13,S13,T13,U13,V13,W13,X13,Y13,Z13,AA13,AB13,AC13,AD13,AE13,AF13,AG13,AH13,AI13,AJ13,AK13,AL13,AM13) | AO13: =IFERROR(AN13/36,0)
B14: ='📥 ข้อมูลนักเรียน'!B14 | C14: ='📥 ข้อมูลนักเรียน'!C14 | AN14: =SUM(D14,E14,F14,G14,H14,I14,J14,K14,L14,M14,N14,O14,P14,Q14,R14,S14,T14,U14,V14,W14,X14,Y14,Z14,AA14,AB14,AC14,AD14,AE14,AF14,AG14,AH14,AI14,AJ14,AK14,AL14,AM14) | AO14: =IFERROR(AN14/36,0)
B15: ='📥 ข้อมูลนักเรียน'!B15 | C15: ='📥 ข้อมูลนักเรียน'!C15 | AN15: =SUM(D15,E15,F15,G15,H15,I15,J15,K15,L15,M15,N15,O15,P15,Q15,R15,S15,T15,U15,V15,W15,X15,Y15,Z15,AA15,AB15,AC15,AD15,AE15,AF15,AG15,AH15,AI15,AJ15,AK15,AL15,AM15) | AO15: =IFERROR(AN15/36,0)
... B43: ='📥 ข้อมูลนักเรียน'!B43 | C43: ='📥 ข้อมูลนักเรียน'!C43 | AN43: =SUM(D43,E43,F43,G43,H43,I43,J43,K43,L43,M43,N43,O43,P43,Q43,R43,S43,T43,U43,V43,W43,X43,Y43,Z43,AA43,AB43,AC43,AD43,AE43,AF43,AG43,AH43,AI43,AJ43,AK43,AL43,AM43) | AO43: =IFERROR(AN43/36,0)

Sheet 📋 Formative รายคาบ
B1: 📋 Formative Test รายคาบ — Four-tier (Tier 1–4) | 4 ข้อ/แผน | Pre+Post | วัด Misconception รายแผน
B2: T1,T3: กรอก ก/ข/ค/ง | T2,T4: Y=มั่นใจ N=ไม่มั่นใจ | 🟡 ช่องสีเหลือง=กรอก 🟢 ช่องสีเขียว=Auto | แผน 4,8,9 ไม่มี Pre-test (Post only)
B3: ▌ แผนที่ 1 | คาบที่ 1–2 | Misconception: M1, M3 | ข้อที่ 1–4
B4: 📍 M1: อนุภาคน้ำเคลื่อนตามคลื่น | M3: เสียงเป็นคลื่นตามขวาง
B5: 🔵 PRE-test — ก่อนสอน (แผน 1 ข้อ 1–4)
B6: ที่ | C6: ชื่อนักเรียน | D6: ข้อ 1 | H6: ข้อ 2 | L6: ข้อ 3 | P6: ข้อ 4 | T6: Sound ✅ | U6: Misc ❌ | V6: Guess 🎲 | W6: NoK ❓ | X6: % Misc (Auto)
C7: ← กรอกเฉลย T1 และ T3 | D7: T1 (ก-ง) | E7: T2 (Y/N) | F7: T3 (ก-ง) | G7: T4 (Y/N) | H7: T1 (ก-ง) | I7: T2 (Y/N) | J7: T3 (ก-ง) | K7: T4 (Y/N) | L7: T1 (ก-ง) | M7: T2 (Y/N) | N7: T3 (ก-ง) | O7: T4 (Y/N) | P7: T1 (ก-ง) | Q7: T2 (Y/N) | R7: T3 (ก-ง) | S7: T4 (Y/N) | T7: — | U7: — | V7: — | W7: — | X7: —
B8: KEY | C8: ← กรอกเฉลยที่ถูกต้อง | E8: — | G8: — | I8: — | K8: — | M8: — | O8: — | Q8: — | S8: — | T8: — | U8: — | V8: — | W8: — | X8: —
B9: ='📥 ข้อมูลนักเรียน'!B4 | C9: ='📥 ข้อมูลนักเรียน'!C4 | T9: =IFERROR(SUMPRODUCT(((D9=D8)*(E9="Y")*(F9=F8)*(G9="Y")*(D9<>"")* (F9<>""))+((H9=H8)*(I9="Y")*(J9=J8)*(K9="Y")*(H9<>"")* (J9<>""))+((L9=L8)*(M9="Y")*(N9=N8)*(O9="Y")*(L9<>"")* (N9<>""))+((P9=P8)*(Q9="Y")*(R9=R8)*(S9="Y")*(P9<>"")* (R9<>""))),0) | U9: =IFERROR(SUMPRODUCT(((D9<>D8)*(E9="Y")*(F9<>F8)*(G9="Y")*(D9<>"")* (F9<>""))+((H9<>H8)*(I9="Y")*(J9<>J8)*(K9="Y")*(H9<>"")* (J9<>""))+((L9<>L8)*(M9="Y")*(N9<>N8)*(O9="Y")*(L9<>"")* (N9<>""))+((P9<>P8)*(Q9="Y")*(R9<>R8)*(S9="Y")*(P9<>"")* (R9<>""))),0) | V9: =IFERROR(SUMPRODUCT(((D9=D8)*(E9="Y")*(F9<>F8)*(G9="Y")*(D9<>"")* (F9<>""))+((H9=H8)*(I9="Y")*(J9<>J8)*(K9="Y")*(H9<>"")* (J9<>""))+((L9=L8)*(M9="Y")*(N9<>N8)*(O9="Y")*(L9<>"")* (N9<>""))+((P9=P8)*(Q9="Y")*(R9<>R8)*(S9="Y")*(P9<>"")* (R9<>""))),0) | W9: =IFERROR(SUMPRODUCT(((E9="N")*(D9<>"")* (F9<>""))+((I9="N")*(H9<>"")* (J9<>""))+((M9="N")*(L9<>"")* (N9<>""))+((Q9="N")*(P9<>"")* (R9<>""))),0) | X9: =IFERROR(U9/4,0)
B10: ='📥 ข้อมูลนักเรียน'!B5 | C10: ='📥 ข้อมูลนักเรียน'!C5 | T10: =IFERROR(SUMPRODUCT(((D10=D8)*(E10="Y")*(F10=F8)*(G10="Y")*(D10<>"")* (F10<>""))+((H10=H8)*(I10="Y")*(J10=J8)*(K10="Y")*(H10<>"")* (J10<>""))+((L10=L8)*(M10="Y")*(N10=N8)*(O10="Y")*(L10<>"")* (N10<>""))+((P10=P8)*(Q10="Y")*(R10=R8)*(S10="Y")*(P10<>"")* (R10<>""))),0) | U10: =IFERROR(SUMPRODUCT(((D10<>D8)*(E10="Y")*(F10<>F8)*(G10="Y")*(D10<>"")* (F10<>""))+((H10<>H8)*(I10="Y")*(J10<>J8)*(K10="Y")*(H10<>"")* (J10<>""))+((L10<>L8)*(M10="Y")*(N10<>N8)*(O10="Y")*(L10<>"")* (N10<>""))+((P10<>P8)*(Q10="Y")*(R10<>R8)*(S10="Y")*(P10<>"")* (R10<>""))),0) | V10: =IFERROR(SUMPRODUCT(((D10=D8)*(E10="Y")*(F10<>F8)*(G10="Y")*(D10<>"")* (F10<>""))+((H10=H8)*(I10="Y")*(J10<>J8)*(K10="Y")*(H10<>"")* (J10<>""))+((L10=L8)*(M10="Y")*(N10<>N8)*(O10="Y")*(L10<>"")* (N10<>""))+((P10=P8)*(Q10="Y")*(R10<>R8)*(S10="Y")*(P10<>"")* (R10<>""))),0) | W10: =IFERROR(SUMPRODUCT(((E10="N")*(D10<>"")* (F10<>""))+((I10="N")*(H10<>"")* (J10<>""))+((M10="N")*(L10<>"")* (N10<>""))+((Q10="N")*(P10<>"")* (R10<>""))),0) | X10: =IFERROR(U10/4,0)
B11: ='📥 ข้อมูลนักเรียน'!B6 | C11: ='📥 ข้อมูลนักเรียน'!C6 | T11: =IFERROR(SUMPRODUCT(((D11=D8)*(E11="Y")*(F11=F8)*(G11="Y")*(D11<>"")* (F11<>""))+((H11=H8)*(I11="Y")*(J11=J8)*(K11="Y")*(H11<>"")* (J11<>""))+((L11=L8)*(M11="Y")*(N11=N8)*(O11="Y")*(L11<>"")* (N11<>""))+((P11=P8)*(Q11="Y")*(R11=R8)*(S11="Y")*(P11<>"")* (R11<>""))),0) | U11: =IFERROR(SUMPRODUCT(((D11<>D8)*(E11="Y")*(F11<>F8)*(G11="Y")*(D11<>"")* (F11<>""))+((H11<>H8)*(I11="Y")*(J11<>J8)*(K11="Y")*(H11<>"")* (J11<>""))+((L11<>L8)*(M11="Y")*(N11<>N8)*(O11="Y")*(L11<>"")* (N11<>""))+((P11<>P8)*(Q11="Y")*(R11<>R8)*(S11="Y")*(P11<>"")* (R11<>""))),0) | V11: =IFERROR(SUMPRODUCT(((D11=D8)*(E11="Y")*(F11<>F8)*(G11="Y")*(D11<>"")* (F11<>""))+((H11=H8)*(I11="Y")*(J11<>J8)*(K11="Y")*(H11<>"")* (J11<>""))+((L11=L8)*(M11="Y")*(N11<>N8)*(O11="Y")*(L11<>"")* (N11<>""))+((P11=P8)*(Q11="Y")*(R11<>R8)*(S11="Y")*(P11<>"")* (R11<>""))),0) | W11: =IFERROR(SUMPRODUCT(((E11="N")*(D11<>"")* (F11<>""))+((I11="N")*(H11<>"")* (J11<>""))+((M11="N")*(L11<>"")* (N11<>""))+((Q11="N")*(P11<>"")* (R11<>""))),0) | X11: =IFERROR(U11/4,0)
B12: ='📥 ข้อมูลนักเรียน'!B7 | C12: ='📥 ข้อมูลนักเรียน'!C7 | T12: =IFERROR(SUMPRODUCT(((D12=D8)*(E12="Y")*(F12=F8)*(G12="Y")*(D12<>"")* (F12<>""))+((H12=H8)*(I12="Y")*(J12=J8)*(K12="Y")*(H12<>"")* (J12<>""))+((L12=L8)*(M12="Y")*(N12=N8)*(O12="Y")*(L12<>"")* (N12<>""))+((P12=P8)*(Q12="Y")*(R12=R8)*(S12="Y")*(P12<>"")* (R12<>""))),0) | U12: =IFERROR(SUMPRODUCT(((D12<>D8)*(E12="Y")*(F12<>F8)*(G12="Y")*(D12<>"")* (F12<>""))+((H12<>H8)*(I12="Y")*(J12<>J8)*(K12="Y")*(H12<>"")* (J12<>""))+((L12<>L8)*(M12="Y")*(N12<>N8)*(O12="Y")*(L12<>"")* (N12<>""))+((P12<>P8)*(Q12="Y")*(R12<>R8)*(S12="Y")*(P12<>"")* (R12<>""))),0) | V12: =IFERROR(SUMPRODUCT(((D12=D8)*(E12="Y")*(F12<>F8)*(G12="Y")*(D12<>"")* (F12<>""))+((H12=H8)*(I12="Y")*(J12<>J8)*(K12="Y")*(H12<>"")* (J12<>""))+((L12=L8)*(M12="Y")*(N12<>N8)*(O12="Y")*(L12<>"")* (N12<>""))+((P12=P8)*(Q12="Y")*(R12<>R8)*(S12="Y")*(P12<>"")* (R12<>""))),0) | W12: =IFERROR(SUMPRODUCT(((E12="N")*(D12<>"")* (F12<>""))+((I12="N")*(H12<>"")* (J12<>""))+((M12="N")*(L12<>"")* (N12<>""))+((Q12="N")*(P12<>"")* (R12<>""))),0) | X12: =IFERROR(U12/4,0)
B13: ='📥 ข้อมูลนักเรียน'!B8 | C13: ='📥 ข้อมูลนักเรียน'!C8 | T13: =IFERROR(SUMPRODUCT(((D13=D8)*(E13="Y")*(F13=F8)*(G13="Y")*(D13<>"")* (F13<>""))+((H13=H8)*(I13="Y")*(J13=J8)*(K13="Y")*(H13<>"")* (J13<>""))+((L13=L8)*(M13="Y")*(N13=N8)*(O13="Y")*(L13<>"")* (N13<>""))+((P13=P8)*(Q13="Y")*(R13=R8)*(S13="Y")*(P13<>"")* (R13<>""))),0) | U13: =IFERROR(SUMPRODUCT(((D13<>D8)*(E13="Y")*(F13<>F8)*(G13="Y")*(D13<>"")* (F13<>""))+((H13<>H8)*(I13="Y")*(J13<>J8)*(K13="Y")*(H13<>"")* (J13<>""))+((L13<>L8)*(M13="Y")*(N13<>N8)*(O13="Y")*(L13<>"")* (N13<>""))+((P13<>P8)*(Q13="Y")*(R13<>R8)*(S13="Y")*(P13<>"")* (R13<>""))),0) | V13: =IFERROR(SUMPRODUCT(((D13=D8)*(E13="Y")*(F13<>F8)*(G13="Y")*(D13<>"")* (F13<>""))+((H13=H8)*(I13="Y")*(J13<>J8)*(K13="Y")*(H13<>"")* (J13<>""))+((L13=L8)*(M13="Y")*(N13<>N8)*(O13="Y")*(L13<>"")* (N13<>""))+((P13=P8)*(Q13="Y")*(R13<>R8)*(S13="Y")*(P13<>"")* (R13<>""))),0) | W13: =IFERROR(SUMPRODUCT(((E13="N")*(D13<>"")* (F13<>""))+((I13="N")*(H13<>"")* (J13<>""))+((M13="N")*(L13<>"")* (N13<>""))+((Q13="N")*(P13<>"")* (R13<>""))),0) | X13: =IFERROR(U13/4,0)
B14: ='📥 ข้อมูลนักเรียน'!B9 | C14: ='📥 ข้อมูลนักเรียน'!C9 | T14: =IFERROR(SUMPRODUCT(((D14=D8)*(E14="Y")*(F14=F8)*(G14="Y")*(D14<>"")* (F14<>""))+((H14=H8)*(I14="Y")*(J14=J8)*(K14="Y")*(H14<>"")* (J14<>""))+((L14=L8)*(M14="Y")*(N14=N8)*(O14="Y")*(L14<>"")* (N14<>""))+((P14=P8)*(Q14="Y")*(R14=R8)*(S14="Y")*(P14<>"")* (R14<>""))),0) | U14: =IFERROR(SUMPRODUCT(((D14<>D8)*(E14="Y")*(F14<>F8)*(G14="Y")*(D14<>"")* (F14<>""))+((H14<>H8)*(I14="Y")*(J14<>J8)*(K14="Y")*(H14<>"")* (J14<>""))+((L14<>L8)*(M14="Y")*(N14<>N8)*(O14="Y")*(L14<>"")* (N14<>""))+((P14<>P8)*(Q14="Y")*(R14<>R8)*(S14="Y")*(P14<>"")* (R14<>""))),0) | V14: =IFERROR(SUMPRODUCT(((D14=D8)*(E14="Y")*(F14<>F8)*(G14="Y")*(D14<>"")* (F14<>""))+((H14=H8)*(I14="Y")*(J14<>J8)*(K14="Y")*(H14<>"")* (J14<>""))+((L14=L8)*(M14="Y")*(N14<>N8)*(O14="Y")*(L14<>"")* (N14<>""))+((P14=P8)*(Q14="Y")*(R14<>R8)*(S14="Y")*(P14<>"")* (R14<>""))),0) | W14: =IFERROR(SUMPRODUCT(((E14="N")*(D14<>"")* (F14<>""))+((I14="N")*(H14<>"")* (J14<>""))+((M14="N")*(L14<>"")* (N14<>""))+((Q14="N")*(P14<>"")* (R14<>""))),0) | X14: =IFERROR(U14/4,0)
B15: ='📥 ข้อมูลนักเรียน'!B10 | C15: ='📥 ข้อมูลนักเรียน'!C10 | T15: =IFERROR(SUMPRODUCT(((D15=D8)*(E15="Y")*(F15=F8)*(G15="Y")*(D15<>"")* (F15<>""))+((H15=H8)*(I15="Y")*(J15=J8)*(K15="Y")*(H15<>"")* (J15<>""))+((L15=L8)*(M15="Y")*(N15=N8)*(O15="Y")*(L15<>"")* (N15<>""))+((P15=P8)*(Q15="Y")*(R15=R8)*(S15="Y")*(P15<>"")* (R15<>""))),0) | U15: =IFERROR(SUMPRODUCT(((D15<>D8)*(E15="Y")*(F15<>F8)*(G15="Y")*(D15<>"")* (F15<>""))+((H15<>H8)*(I15="Y")*(J15<>J8)*(K15="Y")*(H15<>"")* (J15<>""))+((L15<>L8)*(M15="Y")*(N15<>N8)*(O15="Y")*(L15<>"")* (N15<>""))+((P15<>P8)*(Q15="Y")*(R15<>R8)*(S15="Y")*(P15<>"")* (R15<>""))),0) | V15: =IFERROR(SUMPRODUCT(((D15=D8)*(E15="Y")*(F15<>F8)*(G15="Y")*(D15<>"")* (F15<>""))+((H15=H8)*(I15="Y")*(J15<>J8)*(K15="Y")*(H15<>"")* (J15<>""))+((L15=L8)*(M15="Y")*(N15<>N8)*(O15="Y")*(L15<>"")* (N15<>""))+((P15=P8)*(Q15="Y")*(R15<>R8)*(S15="Y")*(P15<>"")* (R15<>""))),0) | W15: =IFERROR(SUMPRODUCT(((E15="N")*(D15<>"")* (F15<>""))+((I15="N")*(H15<>"")* (J15<>""))+((M15="N")*(L15<>"")* (N15<>""))+((Q15="N")*(P15<>"")* (R15<>""))),0) | X15: =IFERROR(U15/4,0)
B16: ='📥 ข้อมูลนักเรียน'!B11 | C16: ='📥 ข้อมูลนักเรียน'!C11 | T16: =IFERROR(SUMPRODUCT(((D16=D8)*(E16="Y")*(F16=F8)*(G16="Y")*(D16<>"")* (F16<>""))+((H16=H8)*(I16="Y")*(J16=J8)*(K16="Y")*(H16<>"")* (J16<>""))+((L16=L8)*(M16="Y")*(N16=N8)*(O16="Y")*(L16<>"")* (N16<>""))+((P16=P8)*(Q16="Y")*(R16=R8)*(S16="Y")*(P16<>"")* (R16<>""))),0) | U16: =IFERROR(SUMPRODUCT(((D16<>D8)*(E16="Y")*(F16<>F8)*(G16="Y")*(D16<>"")* (F16<>""))+((H16<>H8)*(I16="Y")*(J16<>J8)*(K16="Y")*(H16<>"")* (J16<>""))+((L16<>L8)*(M16="Y")*(N16<>N8)*(O16="Y")*(L16<>"")* (N16<>""))+((P16<>P8)*(Q16="Y")*(R16<>R8)*(S16="Y")*(P16<>"")* (R16<>""))),0) | V16: =IFERROR(SUMPRODUCT(((D16=D8)*(E16="Y")*(F16<>F8)*(G16="Y")*(D16<>"")* (F16<>""))+((H16=H8)*(I16="Y")*(J16<>J8)*(K16="Y")*(H16<>"")* (J16<>""))+((L16=L8)*(M16="Y")*(N16<>N8)*(O16="Y")*(L16<>"")* (N16<>""))+((P16=P8)*(Q16="Y")*(R16<>R8)*(S16="Y")*(P16<>"")* (R16<>""))),0) | W16: =IFERROR(SUMPRODUCT(((E16="N")*(D16<>"")* (F16<>""))+((I16="N")*(H16<>"")* (J16<>""))+((M16="N")*(L16<>"")* (N16<>""))+((Q16="N")*(P16<>"")* (R16<>""))),0) | X16: =IFERROR(U16/4,0)
B17: ='📥 ข้อมูลนักเรียน'!B12 | C17: ='📥 ข้อมูลนักเรียน'!C12 | T17: =IFERROR(SUMPRODUCT(((D17=D8)*(E17="Y")*(F17=F8)*(G17="Y")*(D17<>"")* (F17<>""))+((H17=H8)*(I17="Y")*(J17=J8)*(K17="Y")*(H17<>"")* (J17<>""))+((L17=L8)*(M17="Y")*(N17=N8)*(O17="Y")*(L17<>"")* (N17<>""))+((P17=P8)*(Q17="Y")*(R17=R8)*(S17="Y")*(P17<>"")* (R17<>""))),0) | U17: =IFERROR(SUMPRODUCT(((D17<>D8)*(E17="Y")*(F17<>F8)*(G17="Y")*(D17<>"")* (F17<>""))+((H17<>H8)*(I17="Y")*(J17<>J8)*(K17="Y")*(H17<>"")* (J17<>""))+((L17<>L8)*(M17="Y")*(N17<>N8)*(O17="Y")*(L17<>"")* (N17<>""))+((P17<>P8)*(Q17="Y")*(R17<>R8)*(S17="Y")*(P17<>"")* (R17<>""))),0) | V17: =IFERROR(SUMPRODUCT(((D17=D8)*(E17="Y")*(F17<>F8)*(G17="Y")*(D17<>"")* (F17<>""))+((H17=H8)*(I17="Y")*(J17<>J8)*(K17="Y")*(H17<>"")* (J17<>""))+((L17=L8)*(M17="Y")*(N17<>N8)*(O17="Y")*(L17<>"")* (N17<>""))+((P17=P8)*(Q17="Y")*(R17<>R8)*(S17="Y")*(P17<>"")* (R17<>""))),0) | W17: =IFERROR(SUMPRODUCT(((E17="N")*(D17<>"")* (F17<>""))+((I17="N")*(H17<>"")* (J17<>""))+((M17="N")*(L17<>"")* (N17<>""))+((Q17="N")*(P17<>"")* (R17<>""))),0) | X17: =IFERROR(U17/4,0)
B18: ='📥 ข้อมูลนักเรียน'!B13 | C18: ='📥 ข้อมูลนักเรียน'!C13 | T18: =IFERROR(SUMPRODUCT(((D18=D8)*(E18="Y")*(F18=F8)*(G18="Y")*(D18<>"")* (F18<>""))+((H18=H8)*(I18="Y")*(J18=J8)*(K18="Y")*(H18<>"")* (J18<>""))+((L18=L8)*(M18="Y")*(N18=N8)*(O18="Y")*(L18<>"")* (N18<>""))+((P18=P8)*(Q18="Y")*(R18=R8)*(S18="Y")*(P18<>"")* (R18<>""))),0) | U18: =IFERROR(SUMPRODUCT(((D18<>D8)*(E18="Y")*(F18<>F8)*(G18="Y")*(D18<>"")* (F18<>""))+((H18<>H8)*(I18="Y")*(J18<>J8)*(K18="Y")*(H18<>"")* (J18<>""))+((L18<>L8)*(M18="Y")*(N18<>N8)*(O18="Y")*(L18<>"")* (N18<>""))+((P18<>P8)*(Q18="Y")*(R18<>R8)*(S18="Y")*(P18<>"")* (R18<>""))),0) | V18: =IFERROR(SUMPRODUCT(((D18=D8)*(E18="Y")*(F18<>F8)*(G18="Y")*(D18<>"")* (F18<>""))+((H18=H8)*(I18="Y")*(J18<>J8)*(K18="Y")*(H18<>"")* (J18<>""))+((L18=L8)*(M18="Y")*(N18<>N8)*(O18="Y")*(L18<>"")* (N18<>""))+((P18=P8)*(Q18="Y")*(R18<>R8)*(S18="Y")*(P18<>"")* (R18<>""))),0) | W18: =IFERROR(SUMPRODUCT(((E18="N")*(D18<>"")* (F18<>""))+((I18="N")*(H18<>"")* (J18<>""))+((M18="N")*(L18<>"")* (N18<>""))+((Q18="N")*(P18<>"")* (R18<>""))),0) | X18: =IFERROR(U18/4,0)
B19: ='📥 ข้อมูลนักเรียน'!B14 | C19: ='📥 ข้อมูลนักเรียน'!C14 | T19: =IFERROR(SUMPRODUCT(((D19=D8)*(E19="Y")*(F19=F8)*(G19="Y")*(D19<>"")* (F19<>""))+((H19=H8)*(I19="Y")*(J19=J8)*(K19="Y")*(H19<>"")* (J19<>""))+((L19=L8)*(M19="Y")*(N19=N8)*(O19="Y")*(L19<>"")* (N19<>""))+((P19=P8)*(Q19="Y")*(R19=R8)*(S19="Y")*(P19<>"")* (R19<>""))),0) | U19: =IFERROR(SUMPRODUCT(((D19<>D8)*(E19="Y")*(F19<>F8)*(G19="Y")*(D19<>"")* (F19<>""))+((H19<>H8)*(I19="Y")*(J19<>J8)*(K19="Y")*(H19<>"")* (J19<>""))+((L19<>L8)*(M19="Y")*(N19<>N8)*(O19="Y")*(L19<>"")* (N19<>""))+((P19<>P8)*(Q19="Y")*(R19<>R8)*(S19="Y")*(P19<>"")* (R19<>""))),0) | V19: =IFERROR(SUMPRODUCT(((D19=D8)*(E19="Y")*(F19<>F8)*(G19="Y")*(D19<>"")* (F19<>""))+((H19=H8)*(I19="Y")*(J19<>J8)*(K19="Y")*(H19<>"")* (J19<>""))+((L19=L8)*(M19="Y")*(N19<>N8)*(O19="Y")*(L19<>"")* (N19<>""))+((P19=P8)*(Q19="Y")*(R19<>R8)*(S19="Y")*(P19<>"")* (R19<>""))),0) | W19: =IFERROR(SUMPRODUCT(((E19="N")*(D19<>"")* (F19<>""))+((I19="N")*(H19<>"")* (J19<>""))+((M19="N")*(L19<>"")* (N19<>""))+((Q19="N")*(P19<>"")* (R19<>""))),0) | X19: =IFERROR(U19/4,0)
B20: ='📥 ข้อมูลนักเรียน'!B15 | C20: ='📥 ข้อมูลนักเรียน'!C15 | T20: =IFERROR(SUMPRODUCT(((D20=D8)*(E20="Y")*(F20=F8)*(G20="Y")*(D20<>"")* (F20<>""))+((H20=H8)*(I20="Y")*(J20=J8)*(K20="Y")*(H20<>"")* (J20<>""))+((L20=L8)*(M20="Y")*(N20=N8)*(O20="Y")*(L20<>"")* (N20<>""))+((P20=P8)*(Q20="Y")*(R20=R8)*(S20="Y")*(P20<>"")* (R20<>""))),0) | U20: =IFERROR(SUMPRODUCT(((D20<>D8)*(E20="Y")*(F20<>F8)*(G20="Y")*(D20<>"")* (F20<>""))+((H20<>H8)*(I20="Y")*(J20<>J8)*(K20="Y")*(H20<>"")* (J20<>""))+((L20<>L8)*(M20="Y")*(N20<>N8)*(O20="Y")*(L20<>"")* (N20<>""))+((P20<>P8)*(Q20="Y")*(R20<>R8)*(S20="Y")*(P20<>"")* (R20<>""))),0) | V20: =IFERROR(SUMPRODUCT(((D20=D8)*(E20="Y")*(F20<>F8)*(G20="Y")*(D20<>"")* (F20<>""))+((H20=H8)*(I20="Y")*(J20<>J8)*(K20="Y")*(H20<>"")* (J20<>""))+((L20=L8)*(M20="Y")*(N20<>N8)*(O20="Y")*(L20<>"")* (N20<>""))+((P20=P8)*(Q20="Y")*(R20<>R8)*(S20="Y")*(P20<>"")* (R20<>""))),0) | W20: =IFERROR(SUMPRODUCT(((E20="N")*(D20<>"")* (F20<>""))+((I20="N")*(H20<>"")* (J20<>""))+((M20="N")*(L20<>"")* (N20<>""))+((Q20="N")*(P20<>"")* (R20<>""))),0) | X20: =IFERROR(U20/4,0)
B21: ='📥 ข้อมูลนักเรียน'!B16 | C21: ='📥 ข้อมูลนักเรียน'!C16 | T21: =IFERROR(SUMPRODUCT(((D21=D8)*(E21="Y")*(F21=F8)*(G21="Y")*(D21<>"")* (F21<>""))+((H21=H8)*(I21="Y")*(J21=J8)*(K21="Y")*(H21<>"")* (J21<>""))+((L21=L8)*(M21="Y")*(N21=N8)*(O21="Y")*(L21<>"")* (N21<>""))+((P21=P8)*(Q21="Y")*(R21=R8)*(S21="Y")*(P21<>"")* (R21<>""))),0) | U21: =IFERROR(SUMPRODUCT(((D21<>D8)*(E21="Y")*(F21<>F8)*(G21="Y")*(D21<>"")* (F21<>""))+((H21<>H8)*(I21="Y")*(J21<>J8)*(K21="Y")*(H21<>"")* (J21<>""))+((L21<>L8)*(M21="Y")*(N21<>N8)*(O21="Y")*(L21<>"")* (N21<>""))+((P21<>P8)*(Q21="Y")*(R21<>R8)*(S21="Y")*(P21<>"")* (R21<>""))),0) | V21: =IFERROR(SUMPRODUCT(((D21=D8)*(E21="Y")*(F21<>F8)*(G21="Y")*(D21<>"")* (F21<>""))+((H21=H8)*(I21="Y")*(J21<>J8)*(K21="Y")*(H21<>"")* (J21<>""))+((L21=L8)*(M21="Y")*(N21<>N8)*(O21="Y")*(L21<>"")* (N21<>""))+((P21=P8)*(Q21="Y")*(R21<>R8)*(S21="Y")*(P21<>"")* (R21<>""))),0) | W21: =IFERROR(SUMPRODUCT(((E21="N")*(D21<>"")* (F21<>""))+((I21="N")*(H21<>"")* (J21<>""))+((M21="N")*(L21<>"")* (N21<>""))+((Q21="N")*(P21<>"")* (R21<>""))),0) | X21: =IFERROR(U21/4,0)
B22: ='📥 ข้อมูลนักเรียน'!B17 | C22: ='📥 ข้อมูลนักเรียน'!C17 | T22: =IFERROR(SUMPRODUCT(((D22=D8)*(E22="Y")*(F22=F8)*(G22="Y")*(D22<>"")* (F22<>""))+((H22=H8)*(I22="Y")*(J22=J8)*(K22="Y")*(H22<>"")* (J22<>""))+((L22=L8)*(M22="Y")*(N22=N8)*(O22="Y")*(L22<>"")* (N22<>""))+((P22=P8)*(Q22="Y")*(R22=R8)*(S22="Y")*(P22<>"")* (R22<>""))),0) | U22: =IFERROR(SUMPRODUCT(((D22<>D8)*(E22="Y")*(F22<>F8)*(G22="Y")*(D22<>"")* (F22<>""))+((H22<>H8)*(I22="Y")*(J22<>J8)*(K22="Y")*(H22<>"")* (J22<>""))+((L22<>L8)*(M22="Y")*(N22<>N8)*(O22="Y")*(L22<>"")* (N22<>""))+((P22<>P8)*(Q22="Y")*(R22<>R8)*(S22="Y")*(P22<>"")* (R22<>""))),0) | V22: =IFERROR(SUMPRODUCT(((D22=D8)*(E22="Y")*(F22<>F8)*(G22="Y")*(D22<>"")* (F22<>""))+((H22=H8)*(I22="Y")*(J22<>J8)*(K22="Y")*(H22<>"")* (J22<>""))+((L22=L8)*(M22="Y")*(N22<>N8)*(O22="Y")*(L22<>"")* (N22<>""))+((P22=P8)*(Q22="Y")*(R22<>R8)*(S22="Y")*(P22<>"")* (R22<>""))),0) | W22: =IFERROR(SUMPRODUCT(((E22="N")*(D22<>"")* (F22<>""))+((I22="N")*(H22<>"")* (J22<>""))+((M22="N")*(L22<>"")* (N22<>""))+((Q22="N")*(P22<>"")* (R22<>""))),0) | X22: =IFERROR(U22/4,0)
B23: ='📥 ข้อมูลนักเรียน'!B18 | C23: ='📥 ข้อมูลนักเรียน'!C18 | T23: =IFERROR(SUMPRODUCT(((D23=D8)*(E23="Y")*(F23=F8)*(G23="Y")*(D23<>"")*(F23<>""))+((H23=H8)*(I23="Y")*(J23=J8)*(K23="Y")*(H23<>"")*(J23<>""))+((L23=L8)*(M23="Y")*(N23=N8)*(O23="Y")*(L23<>"")*(N23<>""))+((P23=P8)*(Q23="Y")*(R23=R8)*(S23="Y")*(P23<>"")*(R23<>""))),0) | U23: =IFERROR(SUMPRODUCT(((D23<>D8)*(E23="Y")*(F23<>F8)*(G23="Y")*(D23<>"")*(F23<>""))+((H23<>H8)*(I23="Y")*(J23<>J8)*(K23="Y")*(H23<>"")*(J23<>""))+((L23<>L8)*(M23="Y")*(N23<>N8)*(O23="Y")*(L23<>"")*(N23<>""))+((P23<>P8)*(Q23="Y")*(R23<>R8)*(S23="Y")*(P23<>"")*(R23<>""))),0) | V23: =IFERROR(SUMPRODUCT(((D23=D8)*(E23="Y")*(F23<>F8)*(G23="Y")*(D23<>"")*(F23<>""))+((H23=H8)*(I23="Y")*(J23<>J8)*(K23="Y")*(H23<>"")*(J23<>""))+((L23=L8)*(M23="Y")*(N23<>N8)*(O23="Y")*(L23<>"")*(N23<>""))+((P23=P8)*(Q23="Y")*(R23<>R8)*(S23="Y")*(P23<>"")*(R23<>""))),0) | W23: =IFERROR(SUMPRODUCT(((E23="N")*(D23<>"")*(F23<>""))+((I23="N")*(H23<>"")*(J23<>""))+((M23="N")*(L23<>"")*(N23<>""))+((Q23="N")*(P23<>"")*(R23<>""))),0) | X23: =IFERROR(U23/4,0)
B24: ='📥 ข้อมูลนักเรียน'!B19 | C24: ='📥 ข้อมูลนักเรียน'!C19 | T24: =IFERROR(SUMPRODUCT(((D24=D8)*(E24="Y")*(F24=F8)*(G24="Y")*(D24<>"")*(F24<>""))+((H24=H8)*(I24="Y")*(J24=J8)*(K24="Y")*(H24<>"")*(J24<>""))+((L24=L8)*(M24="Y")*(N24=N8)*(O24="Y")*(L24<>"")*(N24<>""))+((P24=P8)*(Q24="Y")*(R24=R8)*(S24="Y")*(P24<>"")*(R24<>""))),0) | U24: =IFERROR(SUMPRODUCT(((D24<>D8)*(E24="Y")*(F24<>F8)*(G24="Y")*(D24<>"")*(F24<>""))+((H24<>H8)*(I24="Y")*(J24<>J8)*(K24="Y")*(H24<>"")*(J24<>""))+((L24<>L8)*(M24="Y")*(N24<>N8)*(O24="Y")*(L24<>"")*(N24<>""))+((P24<>P8)*(Q24="Y")*(R24<>R8)*(S24="Y")*(P24<>"")*(R24<>""))),0) | V24: =IFERROR(SUMPRODUCT(((D24=D8)*(E24="Y")*(F24<>F8)*(G24="Y")*(D24<>"")*(F24<>""))+((H24=H8)*(I24="Y")*(J24<>J8)*(K24="Y")*(H24<>"")*(J24<>""))+((L24=L8)*(M24="Y")*(N24<>N8)*(O24="Y")*(L24<>"")*(N24<>""))+((P24=P8)*(Q24="Y")*(R24<>R8)*(S24="Y")*(P24<>"")*(R24<>""))),0) | W24: =IFERROR(SUMPRODUCT(((E24="N")*(D24<>"")*(F24<>""))+((I24="N")*(H24<>"")*(J24<>""))+((M24="N")*(L24<>"")*(N24<>""))+((Q24="N")*(P24<>"")*(R24<>""))),0) | X24: =IFERROR(U24/4,0)
B25: ='📥 ข้อมูลนักเรียน'!B20 | C25: ='📥 ข้อมูลนักเรียน'!C20 | T25: =IFERROR(SUMPRODUCT(((D25=D8)*(E25="Y")*(F25=F8)*(G25="Y")*(D25<>"")*(F25<>""))+((H25=H8)*(I25="Y")*(J25=J8)*(K25="Y")*(H25<>"")*(J25<>""))+((L25=L8)*(M25="Y")*(N25=N8)*(O25="Y")*(L25<>"")*(N25<>""))+((P25=P8)*(Q25="Y")*(R25=R8)*(S25="Y")*(P25<>"")*(R25<>""))),0) | U25: =IFERROR(SUMPRODUCT(((D25<>D8)*(E25="Y")*(F25<>F8)*(G25="Y")*(D25<>"")*(F25<>""))+((H25<>H8)*(I25="Y")*(J25<>J8)*(K25="Y")*(H25<>"")*(J25<>""))+((L25<>L8)*(M25="Y")*(N25<>N8)*(O25="Y")*(L25<>"")*(N25<>""))+((P25<>P8)*(Q25="Y")*(R25<>R8)*(S25="Y")*(P25<>"")*(R25<>""))),0) | V25: =IFERROR(SUMPRODUCT(((D25=D8)*(E25="Y")*(F25<>F8)*(G25="Y")*(D25<>"")*(F25<>""))+((H25=H8)*(I25="Y")*(J25<>J8)*(K25="Y")*(H25<>"")*(J25<>""))+((L25=L8)*(M25="Y")*(N25<>N8)*(O25="Y")*(L25<>"")*(N25<>""))+((P25=P8)*(Q25="Y")*(R25<>R8)*(S25="Y")*(P25<>"")*(R25<>""))),0) | W25: =IFERROR(SUMPRODUCT(((E25="N")*(D25<>"")*(F25<>""))+((I25="N")*(H25<>"")*(J25<>""))+((M25="N")*(L25<>"")*(N25<>""))+((Q25="N")*(P25<>"")*(R25<>""))),0) | X25: =IFERROR(U25/4,0)
B26: ='📥 ข้อมูลนักเรียน'!B21 | C26: ='📥 ข้อมูลนักเรียน'!C21 | T26: =IFERROR(SUMPRODUCT(((D26=D8)*(E26="Y")*(F26=F8)*(G26="Y")*(D26<>"")*(F26<>""))+((H26=H8)*(I26="Y")*(J26=J8)*(K26="Y")*(H26<>"")*(J26<>""))+((L26=L8)*(M26="Y")*(N26=N8)*(O26="Y")*(L26<>"")*(N26<>""))+((P26=P8)*(Q26="Y")*(R26=R8)*(S26="Y")*(P26<>"")*(R26<>""))),0) | U26: =IFERROR(SUMPRODUCT(((D26<>D8)*(E26="Y")*(F26<>F8)*(G26="Y")*(D26<>"")*(F26<>""))+((H26<>H8)*(I26="Y")*(J26<>J8)*(K26="Y")*(H26<>"")*(J26<>""))+((L26<>L8)*(M26="Y")*(N26<>N8)*(O26="Y")*(L26<>"")*(N26<>""))+((P26<>P8)*(Q26="Y")*(R26<>R8)*(S26="Y")*(P26<>"")*(R26<>""))),0) | V26: =IFERROR(SUMPRODUCT(((D26=D8)*(E26="Y")*(F26<>F8)*(G26="Y")*(D26<>"")*(F26<>""))+((H26=H8)*(I26="Y")*(J26<>J8)*(K26="Y")*(H26<>"")*(J26<>""))+((L26=L8)*(M26="Y")*(N26<>N8)*(O26="Y")*(L26<>"")*(N26<>""))+((P26=P8)*(Q26="Y")*(R26<>R8)*(S26="Y")*(P26<>"")*(R26<>""))),0) | W26: =IFERROR(SUMPRODUCT(((E26="N")*(D26<>"")*(F26<>""))+((I26="N")*(H26<>"")*(J26<>""))+((M26="N")*(L26<>"")*(N26<>""))+((Q26="N")*(P26<>"")*(R26<>""))),0) | X26: =IFERROR(U26/4,0)
B27: ='📥 ข้อมูลนักเรียน'!B22 | C27: ='📥 ข้อมูลนักเรียน'!C22 | T27: =IFERROR(SUMPRODUCT(((D27=D8)*(E27="Y")*(F27=F8)*(G27="Y")*(D27<>"")*(F27<>""))+((H27=H8)*(I27="Y")*(J27=J8)*(K27="Y")*(H27<>"")*(J27<>""))+((L27=L8)*(M27="Y")*(N27=N8)*(O27="Y")*(L27<>"")*(N27<>""))+((P27=P8)*(Q27="Y")*(R27=R8)*(S27="Y")*(P27<>"")*(R27<>""))),0) | U27: =IFERROR(SUMPRODUCT(((D27<>D8)*(E27="Y")*(F27<>F8)*(G27="Y")*(D27<>"")*(F27<>""))+((H27<>H8)*(I27="Y")*(J27<>J8)*(K27="Y")*(H27<>"")*(J27<>""))+((L27<>L8)*(M27="Y")*(N27<>N8)*(O27="Y")*(L27<>"")*(N27<>""))+((P27<>P8)*(Q27="Y")*(R27<>R8)*(S27="Y")*(P27<>"")*(R27<>""))),0) | V27: =IFERROR(SUMPRODUCT(((D27=D8)*(E27="Y")*(F27<>F8)*(G27="Y")*(D27<>"")*(F27<>""))+((H27=H8)*(I27="Y")*(J27<>J8)*(K27="Y")*(H27<>"")*(J27<>""))+((L27=L8)*(M27="Y")*(N27<>N8)*(O27="Y")*(L27<>"")*(N27<>""))+((P27=P8)*(Q27="Y")*(R27<>R8)*(S27="Y")*(P27<>"")*(R27<>""))),0) | W27: =IFERROR(SUMPRODUCT(((E27="N")*(D27<>"")*(F27<>""))+((I27="N")*(H27<>"")*(J27<>""))+((M27="N")*(L27<>"")*(N27<>""))+((Q27="N")*(P27<>"")*(R27<>""))),0) | X27: =IFERROR(U27/4,0)
B28: ='📥 ข้อมูลนักเรียน'!B23 | C28: ='📥 ข้อมูลนักเรียน'!C23 | T28: =IFERROR(SUMPRODUCT(((D28=D8)*(E28="Y")*(F28=F8)*(G28="Y")*(D28<>"")*(F28<>""))+((H28=H8)*(I28="Y")*(J28=J8)*(K28="Y")*(H28<>"")*(J28<>""))+((L28=L8)*(M28="Y")*(N28=N8)*(O28="Y")*(L28<>"")*(N28<>""))+((P28=P8)*(Q28="Y")*(R28=R8)*(S28="Y")*(P28<>"")*(R28<>""))),0) | U28: =IFERROR(SUMPRODUCT(((D28<>D8)*(E28="Y")*(F28<>F8)*(G28="Y")*(D28<>"")*(F28<>""))+((H28<>H8)*(I28="Y")*(J28<>J8)*(K28="Y")*(H28<>"")*(J28<>""))+((L28<>L8)*(M28="Y")*(N28<>N8)*(O28="Y")*(L28<>"")*(N28<>""))+((P28<>P8)*(Q28="Y")*(R28<>R8)*(S28="Y")*(P28<>"")*(R28<>""))),0) | V28: =IFERROR(SUMPRODUCT(((D28=D8)*(E28="Y")*(F28<>F8)*(G28="Y")*(D28<>"")*(F28<>""))+((H28=H8)*(I28="Y")*(J28<>J8)*(K28="Y")*(H28<>"")*(J28<>""))+((L28=L8)*(M28="Y")*(N28<>N8)*(O28="Y")*(L28<>"")*(N28<>""))+((P28=P8)*(Q28="Y")*(R28<>R8)*(S28="Y")*(P28<>"")*(R28<>""))),0) | W28: =IFERROR(SUMPRODUCT(((E28="N")*(D28<>"")*(F28<>""))+((I28="N")*(H28<>"")*(J28<>""))+((M28="N")*(L28<>"")*(N28<>""))+((Q28="N")*(P28<>"")*(R28<>""))),0) | X28: =IFERROR(U28/4,0)
B29: ='📥 ข้อมูลนักเรียน'!B24 | C29: ='📥 ข้อมูลนักเรียน'!C24 | T29: =IFERROR(SUMPRODUCT(((D29=D8)*(E29="Y")*(F29=F8)*(G29="Y")*(D29<>"")*(F29<>""))+((H29=H8)*(I29="Y")*(J29=J8)*(K29="Y")*(H29<>"")*(J29<>""))+((L29=L8)*(M29="Y")*(N29=N8)*(O29="Y")*(L29<>"")*(N29<>""))+((P29=P8)*(Q29="Y")*(R29=R8)*(S29="Y")*(P29<>"")*(R29<>""))),0) | U29: =IFERROR(SUMPRODUCT(((D29<>D8)*(E29="Y")*(F29<>F8)*(G29="Y")*(D29<>"")*(F29<>""))+((H29<>H8)*(I29="Y")*(J29<>J8)*(K29="Y")*(H29<>"")*(J29<>""))+((L29<>L8)*(M29="Y")*(N29<>N8)*(O29="Y")*(L29<>"")*(N29<>""))+((P29<>P8)*(Q29="Y")*(R29<>R8)*(S29="Y")*(P29<>"")*(R29<>""))),0) | V29: =IFERROR(SUMPRODUCT(((D29=D8)*(E29="Y")*(F29<>F8)*(G29="Y")*(D29<>"")*(F29<>""))+((H29=H8)*(I29="Y")*(J29<>J8)*(K29="Y")*(H29<>"")*(J29<>""))+((L29=L8)*(M29="Y")*(N29<>N8)*(O29="Y")*(L29<>"")*(N29<>""))+((P29=P8)*(Q29="Y")*(R29<>R8)*(S29="Y")*(P29<>"")*(R29<>""))),0) | W29: =IFERROR(SUMPRODUCT(((E29="N")*(D29<>"")*(F29<>""))+((I29="N")*(H29<>"")*(J29<>""))+((M29="N")*(L29<>"")*(N29<>""))+((Q29="N")*(P29<>"")*(R29<>""))),0) | X29: =IFERROR(U29/4,0)
B30: ='📥 ข้อมูลนักเรียน'!B25 | C30: ='📥 ข้อมูลนักเรียน'!C25 | T30: =IFERROR(SUMPRODUCT(((D30=D8)*(E30="Y")*(F30=F8)*(G30="Y")*(D30<>"")*(F30<>""))+((H30=H8)*(I30="Y")*(J30=J8)*(K30="Y")*(H30<>"")*(J30<>""))+((L30=L8)*(M30="Y")*(N30=N8)*(O30="Y")*(L30<>"")*(N30<>""))+((P30=P8)*(Q30="Y")*(R30=R8)*(S30="Y")*(P30<>"")*(R30<>""))),0) | U30: =IFERROR(SUMPRODUCT(((D30<>D8)*(E30="Y")*(F30<>F8)*(G30="Y")*(D30<>"")*(F30<>""))+((H30<>H8)*(I30="Y")*(J30<>J8)*(K30="Y")*(H30<>"")*(J30<>""))+((L30<>L8)*(M30="Y")*(N30<>N8)*(O30="Y")*(L30<>"")*(N30<>""))+((P30<>P8)*(Q30="Y")*(R30<>R8)*(S30="Y")*(P30<>"")*(R30<>""))),0) | V30: =IFERROR(SUMPRODUCT(((D30=D8)*(E30="Y")*(F30<>F8)*(G30="Y")*(D30<>"")*(F30<>""))+((H30=H8)*(I30="Y")*(J30<>J8)*(K30="Y")*(H30<>"")*(J30<>""))+((L30=L8)*(M30="Y")*(N30<>N8)*(O30="Y")*(L30<>"")*(N30<>""))+((P30=P8)*(Q30="Y")*(R30<>R8)*(S30="Y")*(P30<>"")*(R30<>""))),0) | W30: =IFERROR(SUMPRODUCT(((E30="N")*(D30<>"")*(F30<>""))+((I30="N")*(H30<>"")*(J30<>""))+((M30="N")*(L30<>"")*(N30<>""))+((Q30="N")*(P30<>"")*(R30<>""))),0) | X30: =IFERROR(U30/4,0)
B31: ='📥 ข้อมูลนักเรียน'!B26 | C31: ='📥 ข้อมูลนักเรียน'!C26 | T31: =IFERROR(SUMPRODUCT(((D31=D8)*(E31="Y")*(F31=F8)*(G31="Y")*(D31<>"")*(F31<>""))+((H31=H8)*(I31="Y")*(J31=J8)*(K31="Y")*(H31<>"")*(J31<>""))+((L31=L8)*(M31="Y")*(N31=N8)*(O31="Y")*(L31<>"")*(N31<>""))+((P31=P8)*(Q31="Y")*(R31=R8)*(S31="Y")*(P31<>"")*(R31<>""))),0) | U31: =IFERROR(SUMPRODUCT(((D31<>D8)*(E31="Y")*(F31<>F8)*(G31="Y")*(D31<>"")*(F31<>""))+((H31<>H8)*(I31="Y")*(J31<>J8)*(K31="Y")*(H31<>"")*(J31<>""))+((L31<>L8)*(M31="Y")*(N31<>N8)*(O31="Y")*(L31<>"")*(N31<>""))+((P31<>P8)*(Q31="Y")*(R31<>R8)*(S31="Y")*(P31<>"")*(R31<>""))),0) | V31: =IFERROR(SUMPRODUCT(((D31=D8)*(E31="Y")*(F31<>F8)*(G31="Y")*(D31<>"")*(F31<>""))+((H31=H8)*(I31="Y")*(J31<>J8)*(K31="Y")*(H31<>"")*(J31<>""))+((L31=L8)*(M31="Y")*(N31<>N8)*(O31="Y")*(L31<>"")*(N31<>""))+((P31=P8)*(Q31="Y")*(R31<>R8)*(S31="Y")*(P31<>"")*(R31<>""))),0) | W31: =IFERROR(SUMPRODUCT(((E31="N")*(D31<>"")*(F31<>""))+((I31="N")*(H31<>"")*(J31<>""))+((M31="N")*(L31<>"")*(N31<>""))+((Q31="N")*(P31<>"")*(R31<>""))),0) | X31: =IFERROR(U31/4,0)
B32: ='📥 ข้อมูลนักเรียน'!B27 | C32: ='📥 ข้อมูลนักเรียน'!C27 | T32: =IFERROR(SUMPRODUCT(((D32=D8)*(E32="Y")*(F32=F8)*(G32="Y")*(D32<>"")*(F32<>""))+((H32=H8)*(I32="Y")*(J32=J8)*(K32="Y")*(H32<>"")*(J32<>""))+((L32=L8)*(M32="Y")*(N32=N8)*(O32="Y")*(L32<>"")*(N32<>""))+((P32=P8)*(Q32="Y")*(R32=R8)*(S32="Y")*(P32<>"")*(R32<>""))),0) | U32: =IFERROR(SUMPRODUCT(((D32<>D8)*(E32="Y")*(F32<>F8)*(G32="Y")*(D32<>"")*(F32<>""))+((H32<>H8)*(I32="Y")*(J32<>J8)*(K32="Y")*(H32<>"")*(J32<>""))+((L32<>L8)*(M32="Y")*(N32<>N8)*(O32="Y")*(L32<>"")*(N32<>""))+((P32<>P8)*(Q32="Y")*(R32<>R8)*(S32="Y")*(P32<>"")*(R32<>""))),0) | V32: =IFERROR(SUMPRODUCT(((D32=D8)*(E32="Y")*(F32<>F8)*(G32="Y")*(D32<>"")*(F32<>""))+((H32=H8)*(I32="Y")*(J32<>J8)*(K32="Y")*(H32<>"")*(J32<>""))+((L32=L8)*(M32="Y")*(N32<>N8)*(O32="Y")*(L32<>"")*(N32<>""))+((P32=P8)*(Q32="Y")*(R32<>R8)*(S32="Y")*(P32<>"")*(R32<>""))),0) | W32: =IFERROR(SUMPRODUCT(((E32="N")*(D32<>"")*(F32<>""))+((I32="N")*(H32<>"")*(J32<>""))+((M32="N")*(L32<>"")*(N32<>""))+((Q32="N")*(P32<>"")*(R32<>""))),0) | X32: =IFERROR(U32/4,0)
B33: ='📥 ข้อมูลนักเรียน'!B28 | C33: ='📥 ข้อมูลนักเรียน'!C28 | T33: =IFERROR(SUMPRODUCT(((D33=D8)*(E33="Y")*(F33=F8)*(G33="Y")*(D33<>"")*(F33<>""))+((H33=H8)*(I33="Y")*(J33=J8)*(K33="Y")*(H33<>"")*(J33<>""))+((L33=L8)*(M33="Y")*(N33=N8)*(O33="Y")*(L33<>"")*(N33<>""))+((P33=P8)*(Q33="Y")*(R33=R8)*(S33="Y")*(P33<>"")*(R33<>""))),0) | U33: =IFERROR(SUMPRODUCT(((D33<>D8)*(E33="Y")*(F33<>F8)*(G33="Y")*(D33<>"")*(F33<>""))+((H33<>H8)*(I33="Y")*(J33<>J8)*(K33="Y")*(H33<>"")*(J33<>""))+((L33<>L8)*(M33="Y")*(N33<>N8)*(O33="Y")*(L33<>"")*(N33<>""))+((P33<>P8)*(Q33="Y")*(R33<>R8)*(S33="Y")*(P33<>"")*(R33<>""))),0) | V33: =IFERROR(SUMPRODUCT(((D33=D8)*(E33="Y")*(F33<>F8)*(G33="Y")*(D33<>"")*(F33<>""))+((H33=H8)*(I33="Y")*(J33<>J8)*(K33="Y")*(H33<>"")*(J33<>""))+((L33=L8)*(M33="Y")*(N33<>N8)*(O33="Y")*(L33<>"")*(N33<>""))+((P33=P8)*(Q33="Y")*(R33<>R8)*(S33="Y")*(P33<>"")*(R33<>""))),0) | W33: =IFERROR(SUMPRODUCT(((E33="N")*(D33<>"")*(F33<>""))+((I33="N")*(H33<>"")*(J33<>""))+((M33="N")*(L33<>"")*(N33<>""))+((Q33="N")*(P33<>"")*(R33<>""))),0) | X33: =IFERROR(U33/4,0)
B34: ='📥 ข้อมูลนักเรียน'!B29 | C34: ='📥 ข้อมูลนักเรียน'!C29 | T34: =IFERROR(SUMPRODUCT(((D34=D8)*(E34="Y")*(F34=F8)*(G34="Y")*(D34<>"")*(F34<>""))+((H34=H8)*(I34="Y")*(J34=J8)*(K34="Y")*(H34<>"")*(J34<>""))+((L34=L8)*(M34="Y")*(N34=N8)*(O34="Y")*(L34<>"")*(N34<>""))+((P34=P8)*(Q34="Y")*(R34=R8)*(S34="Y")*(P34<>"")*(R34<>""))),0) | U34: =IFERROR(SUMPRODUCT(((D34<>D8)*(E34="Y")*(F34<>F8)*(G34="Y")*(D34<>"")*(F34<>""))+((H34<>H8)*(I34="Y")*(J34<>J8)*(K34="Y")*(H34<>"")*(J34<>""))+((L34<>L8)*(M34="Y")*(N34<>N8)*(O34="Y")*(L34<>"")*(N34<>""))+((P34<>P8)*(Q34="Y")*(R34<>R8)*(S34="Y")*(P34<>"")*(R34<>""))),0) | V34: =IFERROR(SUMPRODUCT(((D34=D8)*(E34="Y")*(F34<>F8)*(G34="Y")*(D34<>"")*(F34<>""))+((H34=H8)*(I34="Y")*(J34<>J8)*(K34="Y")*(H34<>"")*(J34<>""))+((L34=L8)*(M34="Y")*(N34<>N8)*(O34="Y")*(L34<>"")*(N34<>""))+((P34=P8)*(Q34="Y")*(R34<>R8)*(S34="Y")*(P34<>"")*(R34<>""))),0) | W34: =IFERROR(SUMPRODUCT(((E34="N")*(D34<>"")*(F34<>""))+((I34="N")*(H34<>"")*(J34<>""))+((M34="N")*(L34<>"")*(N34<>""))+((Q34="N")*(P34<>"")*(R34<>""))),0) | X34: =IFERROR(U34/4,0)
B35: ='📥 ข้อมูลนักเรียน'!B30 | C35: ='📥 ข้อมูลนักเรียน'!C30 | T35: =IFERROR(SUMPRODUCT(((D35=D8)*(E35="Y")*(F35=F8)*(G35="Y")*(D35<>"")*(F35<>""))+((H35=H8)*(I35="Y")*(J35=J8)*(K35="Y")*(H35<>"")*(J35<>""))+((L35=L8)*(M35="Y")*(N35=N8)*(O35="Y")*(L35<>"")*(N35<>""))+((P35=P8)*(Q35="Y")*(R35=R8)*(S35="Y")*(P35<>"")*(R35<>""))),0) | U35: =IFERROR(SUMPRODUCT(((D35<>D8)*(E35="Y")*(F35<>F8)*(G35="Y")*(D35<>"")*(F35<>""))+((H35<>H8)*(I35="Y")*(J35<>J8)*(K35="Y")*(H35<>"")*(J35<>""))+((L35<>L8)*(M35="Y")*(N35<>N8)*(O35="Y")*(L35<>"")*(N35<>""))+((P35<>P8)*(Q35="Y")*(R35<>R8)*(S35="Y")*(P35<>"")*(R35<>""))),0) | V35: =IFERROR(SUMPRODUCT(((D35=D8)*(E35="Y")*(F35<>F8)*(G35="Y")*(D35<>"")*(F35<>""))+((H35=H8)*(I35="Y")*(J35<>J8)*(K35="Y")*(H35<>"")*(J35<>""))+((L35=L8)*(M35="Y")*(N35<>N8)*(O35="Y")*(L35<>"")*(N35<>""))+((P35=P8)*(Q35="Y")*(R35<>R8)*(S35="Y")*(P35<>"")*(R35<>""))),0) | W35: =IFERROR(SUMPRODUCT(((E35="N")*(D35<>"")*(F35<>""))+((I35="N")*(H35<>"")*(J35<>""))+((M35="N")*(L35<>"")*(N35<>""))+((Q35="N")*(P35<>"")*(R35<>""))),0) | X35: =IFERROR(U35/4,0)
B36: ='📥 ข้อมูลนักเรียน'!B31 | C36: ='📥 ข้อมูลนักเรียน'!C31 | T36: =IFERROR(SUMPRODUCT(((D36=D8)*(E36="Y")*(F36=F8)*(G36="Y")*(D36<>"")*(F36<>""))+((H36=H8)*(I36="Y")*(J36=J8)*(K36="Y")*(H36<>"")*(J36<>""))+((L36=L8)*(M36="Y")*(N36=N8)*(O36="Y")*(L36<>"")*(N36<>""))+((P36=P8)*(Q36="Y")*(R36=R8)*(S36="Y")*(P36<>"")*(R36<>""))),0) | U36: =IFERROR(SUMPRODUCT(((D36<>D8)*(E36="Y")*(F36<>F8)*(G36="Y")*(D36<>"")*(F36<>""))+((H36<>H8)*(I36="Y")*(J36<>J8)*(K36="Y")*(H36<>"")*(J36<>""))+((L36<>L8)*(M36="Y")*(N36<>N8)*(O36="Y")*(L36<>"")*(N36<>""))+((P36<>P8)*(Q36="Y")*(R36<>R8)*(S36="Y")*(P36<>"")*(R36<>""))),0) | V36: =IFERROR(SUMPRODUCT(((D36=D8)*(E36="Y")*(F36<>F8)*(G36="Y")*(D36<>"")*(F36<>""))+((H36=H8)*(I36="Y")*(J36<>J8)*(K36="Y")*(H36<>"")*(J36<>""))+((L36=L8)*(M36="Y")*(N36<>N8)*(O36="Y")*(L36<>"")*(N36<>""))+((P36=P8)*(Q36="Y")*(R36<>R8)*(S36="Y")*(P36<>"")*(R36<>""))),0) | W36: =IFERROR(SUMPRODUCT(((E36="N")*(D36<>"")*(F36<>""))+((I36="N")*(H36<>"")*(J36<>""))+((M36="N")*(L36<>"")*(N36<>""))+((Q36="N")*(P36<>"")*(R36<>""))),0) | X36: =IFERROR(U36/4,0)
B37: ='📥 ข้อมูลนักเรียน'!B32 | C37: ='📥 ข้อมูลนักเรียน'!C32 | T37: =IFERROR(SUMPRODUCT(((D37=D8)*(E37="Y")*(F37=F8)*(G37="Y")*(D37<>"")*(F37<>""))+((H37=H8)*(I37="Y")*(J37=J8)*(K37="Y")*(H37<>"")*(J37<>""))+((L37=L8)*(M37="Y")*(N37=N8)*(O37="Y")*(L37<>"")*(N37<>""))+((P37=P8)*(Q37="Y")*(R37=R8)*(S37="Y")*(P37<>"")*(R37<>""))),0) | U37: =IFERROR(SUMPRODUCT(((D37<>D8)*(E37="Y")*(F37<>F8)*(G37="Y")*(D37<>"")*(F37<>""))+((H37<>H8)*(I37="Y")*(J37<>J8)*(K37="Y")*(H37<>"")*(J37<>""))+((L37<>L8)*(M37="Y")*(N37<>N8)*(O37="Y")*(L37<>"")*(N37<>""))+((P37<>P8)*(Q37="Y")*(R37<>R8)*(S37="Y")*(P37<>"")*(R37<>""))),0) | V37: =IFERROR(SUMPRODUCT(((D37=D8)*(E37="Y")*(F37<>F8)*(G37="Y")*(D37<>"")*(F37<>""))+((H37=H8)*(I37="Y")*(J37<>J8)*(K37="Y")*(H37<>"")*(J37<>""))+((L37=L8)*(M37="Y")*(N37<>N8)*(O37="Y")*(L37<>"")*(N37<>""))+((P37=P8)*(Q37="Y")*(R37<>R8)*(S37="Y")*(P37<>"")*(R37<>""))),0) | W37: =IFERROR(SUMPRODUCT(((E37="N")*(D37<>"")*(F37<>""))+((I37="N")*(H37<>"")*(J37<>""))+((M37="N")*(L37<>"")*(N37<>""))+((Q37="N")*(P37<>"")*(R37<>""))),0) | X37: =IFERROR(U37/4,0)
B38: ='📥 ข้อมูลนักเรียน'!B33 | C38: ='📥 ข้อมูลนักเรียน'!C33 | T38: =IFERROR(SUMPRODUCT(((D38=D8)*(E38="Y")*(F38=F8)*(G38="Y")*(D38<>"")*(F38<>""))+((H38=H8)*(I38="Y")*(J38=J8)*(K38="Y")*(H38<>"")*(J38<>""))+((L38=L8)*(M38="Y")*(N38=N8)*(O38="Y")*(L38<>"")*(N38<>""))+((P38=P8)*(Q38="Y")*(R38=R8)*(S38="Y")*(P38<>"")*(R38<>""))),0) | U38: =IFERROR(SUMPRODUCT(((D38<>D8)*(E38="Y")*(F38<>F8)*(G38="Y")*(D38<>"")*(F38<>""))+((H38<>H8)*(I38="Y")*(J38<>J8)*(K38="Y")*(H38<>"")*(J38<>""))+((L38<>L8)*(M38="Y")*(N38<>N8)*(O38="Y")*(L38<>"")*(N38<>""))+((P38<>P8)*(Q38="Y")*(R38<>R8)*(S38="Y")*(P38<>"")*(R38<>""))),0) | V38: =IFERROR(SUMPRODUCT(((D38=D8)*(E38="Y")*(F38<>F8)*(G38="Y")*(D38<>"")*(F38<>""))+((H38=H8)*(I38="Y")*(J38<>J8)*(K38="Y")*(H38<>"")*(J38<>""))+((L38=L8)*(M38="Y")*(N38<>N8)*(O38="Y")*(L38<>"")*(N38<>""))+((P38=P8)*(Q38="Y")*(R38<>R8)*(S38="Y")*(P38<>"")*(R38<>""))),0) | W38: =IFERROR(SUMPRODUCT(((E38="N")*(D38<>"")*(F38<>""))+((I38="N")*(H38<>"")*(J38<>""))+((M38="N")*(L38<>"")*(N38<>""))+((Q38="N")*(P38<>"")*(R38<>""))),0) | X38: =IFERROR(U38/4,0)
B39: ='📥 ข้อมูลนักเรียน'!B34 | C39: ='📥 ข้อมูลนักเรียน'!C34 | T39: =IFERROR(SUMPRODUCT(((D39=D8)*(E39="Y")*(F39=F8)*(G39="Y")*(D39<>"")*(F39<>""))+((H39=H8)*(I39="Y")*(J39=J8)*(K39="Y")*(H39<>"")*(J39<>""))+((L39=L8)*(M39="Y")*(N39=N8)*(O39="Y")*(L39<>"")*(N39<>""))+((P39=P8)*(Q39="Y")*(R39=R8)*(S39="Y")*(P39<>"")*(R39<>""))),0) | U39: =IFERROR(SUMPRODUCT(((D39<>D8)*(E39="Y")*(F39<>F8)*(G39="Y")*(D39<>"")*(F39<>""))+((H39<>H8)*(I39="Y")*(J39<>J8)*(K39="Y")*(H39<>"")*(J39<>""))+((L39<>L8)*(M39="Y")*(N39<>N8)*(O39="Y")*(L39<>"")*(N39<>""))+((P39<>P8)*(Q39="Y")*(R39<>R8)*(S39="Y")*(P39<>"")*(R39<>""))),0) | V39: =IFERROR(SUMPRODUCT(((D39=D8)*(E39="Y")*(F39<>F8)*(G39="Y")*(D39<>"")*(F39<>""))+((H39=H8)*(I39="Y")*(J39<>J8)*(K39="Y")*(H39<>"")*(J39<>""))+((L39=L8)*(M39="Y")*(N39<>N8)*(O39="Y")*(L39<>"")*(N39<>""))+((P39=P8)*(Q39="Y")*(R39<>R8)*(S39="Y")*(P39<>"")*(R39<>""))),0) | W39: =IFERROR(SUMPRODUCT(((E39="N")*(D39<>"")*(F39<>""))+((I39="N")*(H39<>"")*(J39<>""))+((M39="N")*(L39<>"")*(N39<>""))+((Q39="N")*(P39<>"")*(R39<>""))),0) | X39: =IFERROR(U39/4,0)
B40: ='📥 ข้อมูลนักเรียน'!B35 | C40: ='📥 ข้อมูลนักเรียน'!C35 | T40: =IFERROR(SUMPRODUCT(((D40=D8)*(E40="Y")*(F40=F8)*(G40="Y")*(D40<>"")*(F40<>""))+((H40=H8)*(I40="Y")*(J40=J8)*(K40="Y")*(H40<>"")*(J40<>""))+((L40=L8)*(M40="Y")*(N40=N8)*(O40="Y")*(L40<>"")*(N40<>""))+((P40=P8)*(Q40="Y")*(R40=R8)*(S40="Y")*(P40<>"")*(R40<>""))),0) | U40: =IFERROR(SUMPRODUCT(((D40<>D8)*(E40="Y")*(F40<>F8)*(G40="Y")*(D40<>"")*(F40<>""))+((H40<>H8)*(I40="Y")*(J40<>J8)*(K40="Y")*(H40<>"")*(J40<>""))+((L40<>L8)*(M40="Y")*(N40<>N8)*(O40="Y")*(L40<>"")*(N40<>""))+((P40<>P8)*(Q40="Y")*(R40<>R8)*(S40="Y")*(P40<>"")*(R40<>""))),0) | V40: =IFERROR(SUMPRODUCT(((D40=D8)*(E40="Y")*(F40<>F8)*(G40="Y")*(D40<>"")*(F40<>""))+((H40=H8)*(I40="Y")*(J40<>J8)*(K40="Y")*(H40<>"")*(J40<>""))+((L40=L8)*(M40="Y")*(N40<>N8)*(O40="Y")*(L40<>"")*(N40<>""))+((P40=P8)*(Q40="Y")*(R40<>R8)*(S40="Y")*(P40<>"")*(R40<>""))),0) | W40: =IFERROR(SUMPRODUCT(((E40="N")*(D40<>"")*(F40<>""))+((I40="N")*(H40<>"")*(J40<>""))+((M40="N")*(L40<>"")*(N40<>""))+((Q40="N")*(P40<>"")*(R40<>""))),0) | X40: =IFERROR(U40/4,0)
B41: ='📥 ข้อมูลนักเรียน'!B36 | C41: ='📥 ข้อมูลนักเรียน'!C36 | T41: =IFERROR(SUMPRODUCT(((D41=D8)*(E41="Y")*(F41=F8)*(G41="Y")*(D41<>"")*(F41<>""))+((H41=H8)*(I41="Y")*(J41=J8)*(K41="Y")*(H41<>"")*(J41<>""))+((L41=L8)*(M41="Y")*(N41=N8)*(O41="Y")*(L41<>"")*(N41<>""))+((P41=P8)*(Q41="Y")*(R41=R8)*(S41="Y")*(P41<>"")*(R41<>""))),0) | U41: =IFERROR(SUMPRODUCT(((D41<>D8)*(E41="Y")*(F41<>F8)*(G41="Y")*(D41<>"")*(F41<>""))+((H41<>H8)*(I41="Y")*(J41<>J8)*(K41="Y")*(H41<>"")*(J41<>""))+((L41<>L8)*(M41="Y")*(N41<>N8)*(O41="Y")*(L41<>"")*(N41<>""))+((P41<>P8)*(Q41="Y")*(R41<>R8)*(S41="Y")*(P41<>"")*(R41<>""))),0) | V41: =IFERROR(SUMPRODUCT(((D41=D8)*(E41="Y")*(F41<>F8)*(G41="Y")*(D41<>"")*(F41<>""))+((H41=H8)*(I41="Y")*(J41<>J8)*(K41="Y")*(H41<>"")*(J41<>""))+((L41=L8)*(M41="Y")*(N41<>N8)*(O41="Y")*(L41<>"")*(N41<>""))+((P41=P8)*(Q41="Y")*(R41<>R8)*(S41="Y")*(P41<>"")*(R41<>""))),0) | W41: =IFERROR(SUMPRODUCT(((E41="N")*(D41<>"")*(F41<>""))+((I41="N")*(H41<>"")*(J41<>""))+((M41="N")*(L41<>"")*(N41<>""))+((Q41="N")*(P41<>"")*(R41<>""))),0) | X41: =IFERROR(U41/4,0)
B42: ='📥 ข้อมูลนักเรียน'!B37 | C42: ='📥 ข้อมูลนักเรียน'!C37 | T42: =IFERROR(SUMPRODUCT(((D42=D8)*(E42="Y")*(F42=F8)*(G42="Y")*(D42<>"")*(F42<>""))+((H42=H8)*(I42="Y")*(J42=J8)*(K42="Y")*(H42<>"")*(J42<>""))+((L42=L8)*(M42="Y")*(N42=N8)*(O42="Y")*(L42<>"")*(N42<>""))+((P42=P8)*(Q42="Y")*(R42=R8)*(S42="Y")*(P42<>"")*(R42<>""))),0) | U42: =IFERROR(SUMPRODUCT(((D42<>D8)*(E42="Y")*(F42<>F8)*(G42="Y")*(D42<>"")*(F42<>""))+((H42<>H8)*(I42="Y")*(J42<>J8)*(K42="Y")*(H42<>"")*(J42<>""))+((L42<>L8)*(M42="Y")*(N42<>N8)*(O42="Y")*(L42<>"")*(N42<>""))+((P42<>P8)*(Q42="Y")*(R42<>R8)*(S42="Y")*(P42<>"")*(R42<>""))),0) | V42: =IFERROR(SUMPRODUCT(((D42=D8)*(E42="Y")*(F42<>F8)*(G42="Y")*(D42<>"")*(F42<>""))+((H42=H8)*(I42="Y")*(J42<>J8)*(K42="Y")*(H42<>"")*(J42<>""))+((L42=L8)*(M42="Y")*(N42<>N8)*(O42="Y")*(L42<>"")*(N42<>""))+((P42=P8)*(Q42="Y")*(R42<>R8)*(S42="Y")*(P42<>"")*(R42<>""))),0) | W42: =IFERROR(SUMPRODUCT(((E42="N")*(D42<>"")*(F42<>""))+((I42="N")*(H42<>"")*(J42<>""))+((M42="N")*(L42<>"")*(N42<>""))+((Q42="N")*(P42<>"")*(R42<>""))),0) | X42: =IFERROR(U42/4,0)
B43: ='📥 ข้อมูลนักเรียน'!B38 | C43: ='📥 ข้อมูลนักเรียน'!C38 | T43: =IFERROR(SUMPRODUCT(((D43=D8)*(E43="Y")*(F43=F8)*(G43="Y")*(D43<>"")*(F43<>""))+((H43=H8)*(I43="Y")*(J43=J8)*(K43="Y")*(H43<>"")*(J43<>""))+((L43=L8)*(M43="Y")*(N43=N8)*(O43="Y")*(L43<>"")*(N43<>""))+((P43=P8)*(Q43="Y")*(R43=R8)*(S43="Y")*(P43<>"")*(R43<>""))),0) | U43: =IFERROR(SUMPRODUCT(((D43<>D8)*(E43="Y")*(F43<>F8)*(G43="Y")*(D43<>"")*(F43<>""))+((H43<>H8)*(I43="Y")*(J43<>J8)*(K43="Y")*(H43<>"")*(J43<>""))+((L43<>L8)*(M43="Y")*(N43<>N8)*(O43="Y")*(L43<>"")*(N43<>""))+((P43<>P8)*(Q43="Y")*(R43<>R8)*(S43="Y")*(P43<>"")*(R43<>""))),0) | V43: =IFERROR(SUMPRODUCT(((D43=D8)*(E43="Y")*(F43<>F8)*(G43="Y")*(D43<>"")*(F43<>""))+((H43=H8)*(I43="Y")*(J43<>J8)*(K43="Y")*(H43<>"")*(J43<>""))+((L43=L8)*(M43="Y")*(N43<>N8)*(O43="Y")*(L43<>"")*(N43<>""))+((P43=P8)*(Q43="Y")*(R43<>R8)*(S43="Y")*(P43<>"")*(R43<>""))),0) | W43: =IFERROR(SUMPRODUCT(((E43="N")*(D43<>"")*(F43<>""))+((I43="N")*(H43<>"")*(J43<>""))+((M43="N")*(L43<>"")*(N43<>""))+((Q43="N")*(P43<>"")*(R43<>""))),0) | X43: =IFERROR(U43/4,0)
B44: สรุป Pre แผน 1 | T44: =IFERROR(AVERAGE(T9:T43)*4,0) | U44: =IFERROR(AVERAGE(U9:U43)*4,0) | V44: =IFERROR(AVERAGE(V9:V43)*4,0) | W44: =IFERROR(AVERAGE(W9:W43)*4,0) | X44: =IFERROR(AVERAGE(X9:X43),0)
B45: 🟢 POST-test — หลังสอน (แผน 1 ข้อ 1–4)
B46: ที่ | C46: ชื่อนักเรียน | D46: ข้อ 1 | H46: ข้อ 2 | L46: ข้อ 3 | P46: ข้อ 4 | T46: Sound ✅ | U46: Misc ❌ | V46: Guess 🎲 | W46: NoK ❓ | X46: % Misc (Auto)
C47: ← กรอกเฉลย T1 และ T3 | D47: T1 (ก-ง) | E47: T2 (Y/N) | F47: T3 (ก-ง) | G47: T4 (Y/N) | H47: T1 (ก-ง) | I47: T2 (Y/N) | J47: T3 (ก-ง) | K47: T4 (Y/N) | L47: T1 (ก-ง) | M47: T2 (Y/N) | N47: T3 (ก-ง) | O47: T4 (Y/N) | P47: T1 (ก-ง) | Q47: T2 (Y/N) | R47: T3 (ก-ง) | S47: T4 (Y/N) | T47: — | U47: — | V47: — | W47: — | X47: —
B48: KEY | C48: ← กรอกเฉลยที่ถูกต้อง | E48: — | G48: — | I48: — | K48: — | M48: — | O48: — | Q48: — | S48: — | T48: — | U48: — | V48: — | W48: — | X48: —
B49: ='📥 ข้อมูลนักเรียน'!B4 | C49: ='📥 ข้อมูลนักเรียน'!C4 | T49: =IFERROR(SUMPRODUCT(((D49=D48)*(E49="Y")*(F49=F48)*(G49="Y")*(D49<>"")* (F49<>""))+((H49=H48)*(I49="Y")*(J49=J48)*(K49="Y")*(H49<>"")* (J49<>""))+((L49=L48)*(M49="Y")*(N49=N48)*(O49="Y")*(L49<>"")* (N49<>""))+((P49=P48)*(Q49="Y")*(R49=R48)*(S49="Y")*(P49<>"")* (R49<>""))),0) | U49: =IFERROR(SUMPRODUCT(((D49<>D48)*(E49="Y")*(F49<>F48)*(G49="Y")*(D49<>"")* (F49<>""))+((H49<>H48)*(I49="Y")*(J49<>J48)*(K49="Y")*(H49<>"")* (J49<>""))+((L49<>L48)*(M49="Y")*(N49<>N48)*(O49="Y")*(L49<>"")* (N49<>""))+((P49<>P48)*(Q49="Y")*(R49<>R48)*(S49="Y")*(P49<>"")* (R49<>""))),0) | V49: =IFERROR(SUMPRODUCT(((D49=D48)*(E49="Y")*(F49<>F48)*(G49="Y")*(D49<>"")* (F49<>""))+((H49=H48)*(I49="Y")*(J49<>J48)*(K49="Y")*(H49<>"")* (J49<>""))+((L49=L48)*(M49="Y")*(N49<>N48)*(O49="Y")*(L49<>"")* (N49<>""))+((P49=P48)*(Q49="Y")*(R49<>R48)*(S49="Y")*(P49<>"")* (R49<>""))),0) | W49: =IFERROR(SUMPRODUCT(((E49="N")*(D49<>"")* (F49<>""))+((I49="N")*(H49<>"")* (J49<>""))+((M49="N")*(L49<>"")* (N49<>""))+((Q49="N")*(P49<>"")* (R49<>""))),0) | X49: =IFERROR(U49/4,0)
B50: ='📥 ข้อมูลนักเรียน'!B5 | C50: ='📥 ข้อมูลนักเรียน'!C5 | T50: =IFERROR(SUMPRODUCT(((D50=D48)*(E50="Y")*(F50=F48)*(G50="Y")*(D50<>"")* (F50<>""))+((H50=H48)*(I50="Y")*(J50=J48)*(K50="Y")*(H50<>"")* (J50<>""))+((L50=L48)*(M50="Y")*(N50=N48)*(O50="Y")*(L50<>"")* (N50<>""))+((P50=P48)*(Q50="Y")*(R50=R48)*(S50="Y")*(P50<>"")* (R50<>""))),0) | U50: =IFERROR(SUMPRODUCT(((D50<>D48)*(E50="Y")*(F50<>F48)*(G50="Y")*(D50<>"")* (F50<>""))+((H50<>H48)*(I50="Y")*(J50<>J48)*(K50="Y")*(H50<>"")* (J50<>""))+((L50<>L48)*(M50="Y")*(N50<>N48)*(O50="Y")*(L50<>"")* (N50<>""))+((P50<>P48)*(Q50="Y")*(R50<>R48)*(S50="Y")*(P50<>"")* (R50<>""))),0) | V50: =IFERROR(SUMPRODUCT(((D50=D48)*(E50="Y")*(F50<>F48)*(G50="Y")*(D50<>"")* (F50<>""))+((H50=H48)*(I50="Y")*(J50<>J48)*(K50="Y")*(H50<>"")* (J50<>""))+((L50=L48)*(M50="Y")*(N50<>N48)*(O50="Y")*(L50<>"")* (N50<>""))+((P50=P48)*(Q50="Y")*(R50<>R48)*(S50="Y")*(P50<>"")* (R50<>""))),0) | W50: =IFERROR(SUMPRODUCT(((E50="N")*(D50<>"")* (F50<>""))+((I50="N")*(H50<>"")* (J50<>""))+((M50="N")*(L50<>"")* (N50<>""))+((Q50="N")*(P50<>"")* (R50<>""))),0) | X50: =IFERROR(U50/4,0)
B51: ='📥 ข้อมูลนักเรียน'!B6 | C51: ='📥 ข้อมูลนักเรียน'!C6 | T51: =IFERROR(SUMPRODUCT(((D51=D48)*(E51="Y")*(F51=F48)*(G51="Y")*(D51<>"")* (F51<>""))+((H51=H48)*(I51="Y")*(J51=J48)*(K51="Y")*(H51<>"")* (J51<>""))+((L51=L48)*(M51="Y")*(N51=N48)*(O51="Y")*(L51<>"")* (N51<>""))+((P51=P48)*(Q51="Y")*(R51=R48)*(S51="Y")*(P51<>"")* (R51<>""))),0) | U51: =IFERROR(SUMPRODUCT(((D51<>D48)*(E51="Y")*(F51<>F48)*(G51="Y")*(D51<>"")* (F51<>""))+((H51<>H48)*(I51="Y")*(J51<>J48)*(K51="Y")*(H51<>"")* (J51<>""))+((L51<>L48)*(M51="Y")*(N51<>N48)*(O51="Y")*(L51<>"")* (N51<>""))+((P51<>P48)*(Q51="Y")*(R51<>R48)*(S51="Y")*(P51<>"")* (R51<>""))),0) | V51: =IFERROR(SUMPRODUCT(((D51=D48)*(E51="Y")*(F51<>F48)*(G51="Y")*(D51<>"")* (F51<>""))+((H51=H48)*(I51="Y")*(J51<>J48)*(K51="Y")*(H51<>"")* (J51<>""))+((L51=L48)*(M51="Y")*(N51<>N48)*(O51="Y")*(L51<>"")* (N51<>""))+((P51=P48)*(Q51="Y")*(R51<>R48)*(S51="Y")*(P51<>"")* (R51<>""))),0) | W51: =IFERROR(SUMPRODUCT(((E51="N")*(D51<>"")* (F51<>""))+((I51="N")*(H51<>"")* (J51<>""))+((M51="N")*(L51<>"")* (N51<>""))+((Q51="N")*(P51<>"")* (R51<>""))),0) | X51: =IFERROR(U51/4,0)
B52: ='📥 ข้อมูลนักเรียน'!B7 | C52: ='📥 ข้อมูลนักเรียน'!C7 | T52: =IFERROR(SUMPRODUCT(((D52=D48)*(E52="Y")*(F52=F48)*(G52="Y")*(D52<>"")* (F52<>""))+((H52=H48)*(I52="Y")*(J52=J48)*(K52="Y")*(H52<>"")* (J52<>""))+((L52=L48)*(M52="Y")*(N52=N48)*(O52="Y")*(L52<>"")* (N52<>""))+((P52=P48)*(Q52="Y")*(R52=R48)*(S52="Y")*(P52<>"")* (R52<>""))),0) | U52: =IFERROR(SUMPRODUCT(((D52<>D48)*(E52="Y")*(F52<>F48)*(G52="Y")*(D52<>"")* (F52<>""))+((H52<>H48)*(I52="Y")*(J52<>J48)*(K52="Y")*(H52<>"")* (J52<>""))+((L52<>L48)*(M52="Y")*(N52<>N48)*(O52="Y")*(L52<>"")* (N52<>""))+((P52<>P48)*(Q52="Y")*(R52<>R48)*(S52="Y")*(P52<>"")* (R52<>""))),0) | V52: =IFERROR(SUMPRODUCT(((D52=D48)*(E52="Y")*(F52<>F48)*(G52="Y")*(D52<>"")* (F52<>""))+((H52=H48)*(I52="Y")*(J52<>J48)*(K52="Y")*(H52<>"")* (J52<>""))+((L52=L48)*(M52="Y")*(N52<>N48)*(O52="Y")*(L52<>"")* (N52<>""))+((P52=P48)*(Q52="Y")*(R52<>R48)*(S52="Y")*(P52<>"")* (R52<>""))),0) | W52: =IFERROR(SUMPRODUCT(((E52="N")*(D52<>"")* (F52<>""))+((I52="N")*(H52<>"")* (J52<>""))+((M52="N")*(L52<>"")* (N52<>""))+((Q52="N")*(P52<>"")* (R52<>""))),0) | X52: =IFERROR(U52/4,0)
B53: ='📥 ข้อมูลนักเรียน'!B8 | C53: ='📥 ข้อมูลนักเรียน'!C8 | T53: =IFERROR(SUMPRODUCT(((D53=D48)*(E53="Y")*(F53=F48)*(G53="Y")*(D53<>"")* (F53<>""))+((H53=H48)*(I53="Y")*(J53=J48)*(K53="Y")*(H53<>"")* (J53<>""))+((L53=L48)*(M53="Y")*(N53=N48)*(O53="Y")*(L53<>"")* (N53<>""))+((P53=P48)*(Q53="Y")*(R53=R48)*(S53="Y")*(P53<>"")* (R53<>""))),0) | U53: =IFERROR(SUMPRODUCT(((D53<>D48)*(E53="Y")*(F53<>F48)*(G53="Y")*(D53<>"")* (F53<>""))+((H53<>H48)*(I53="Y")*(J53<>J48)*(K53="Y")*(H53<>"")* (J53<>""))+((L53<>L48)*(M53="Y")*(N53<>N48)*(O53="Y")*(L53<>"")* (N53<>""))+((P53<>P48)*(Q53="Y")*(R53<>R48)*(S53="Y")*(P53<>"")* (R53<>""))),0) | V53: =IFERROR(SUMPRODUCT(((D53=D48)*(E53="Y")*(F53<>F48)*(G53="Y")*(D53<>"")* (F53<>""))+((H53=H48)*(I53="Y")*(J53<>J48)*(K53="Y")*(H53<>"")* (J53<>""))+((L53=L48)*(M53="Y")*(N53<>N48)*(O53="Y")*(L53<>"")* (N53<>""))+((P53=P48)*(Q53="Y")*(R53<>R48)*(S53="Y")*(P53<>"")* (R53<>""))),0) | W53: =IFERROR(SUMPRODUCT(((E53="N")*(D53<>"")* (F53<>""))+((I53="N")*(H53<>"")* (J53<>""))+((M53="N")*(L53<>"")* (N53<>""))+((Q53="N")*(P53<>"")* (R53<>""))),0) | X53: =IFERROR(U53/4,0)
B54: ='📥 ข้อมูลนักเรียน'!B9 | C54: ='📥 ข้อมูลนักเรียน'!C9 | T54: =IFERROR(SUMPRODUCT(((D54=D48)*(E54="Y")*(F54=F48)*(G54="Y")*(D54<>"")* (F54<>""))+((H54=H48)*(I54="Y")*(J54=J48)*(K54="Y")*(H54<>"")* (J54<>""))+((L54=L48)*(M54="Y")*(N54=N48)*(O54="Y")*(L54<>"")* (N54<>""))+((P54=P48)*(Q54="Y")*(R54=R48)*(S54="Y")*(P54<>"")* (R54<>""))),0) | U54: =IFERROR(SUMPRODUCT(((D54<>D48)*(E54="Y")*(F54<>F48)*(G54="Y")*(D54<>"")* (F54<>""))+((H54<>H48)*(I54="Y")*(J54<>J48)*(K54="Y")*(H54<>"")* (J54<>""))+((L54<>L48)*(M54="Y")*(N54<>N48)*(O54="Y")*(L54<>"")* (N54<>""))+((P54<>P48)*(Q54="Y")*(R54<>R48)*(S54="Y")*(P54<>"")* (R54<>""))),0) | V54: =IFERROR(SUMPRODUCT(((D54=D48)*(E54="Y")*(F54<>F48)*(G54="Y")*(D54<>"")* (F54<>""))+((H54=H48)*(I54="Y")*(J54<>J48)*(K54="Y")*(H54<>"")* (J54<>""))+((L54=L48)*(M54="Y")*(N54<>N48)*(O54="Y")*(L54<>"")* (N54<>""))+((P54=P48)*(Q54="Y")*(R54<>R48)*(S54="Y")*(P54<>"")* (R54<>""))),0) | W54: =IFERROR(SUMPRODUCT(((E54="N")*(D54<>"")* (F54<>""))+((I54="N")*(H54<>"")* (J54<>""))+((M54="N")*(L54<>"")* (N54<>""))+((Q54="N")*(P54<>"")* (R54<>""))),0) | X54: =IFERROR(U54/4,0)
B55: ='📥 ข้อมูลนักเรียน'!B10 | C55: ='📥 ข้อมูลนักเรียน'!C10 | T55: =IFERROR(SUMPRODUCT(((D55=D48)*(E55="Y")*(F55=F48)*(G55="Y")*(D55<>"")* (F55<>""))+((H55=H48)*(I55="Y")*(J55=J48)*(K55="Y")*(H55<>"")* (J55<>""))+((L55=L48)*(M55="Y")*(N55=N48)*(O55="Y")*(L55<>"")* (N55<>""))+((P55=P48)*(Q55="Y")*(R55=R48)*(S55="Y")*(P55<>"")* (R55<>""))),0) | U55: =IFERROR(SUMPRODUCT(((D55<>D48)*(E55="Y")*(F55<>F48)*(G55="Y")*(D55<>"")* (F55<>""))+((H55<>H48)*(I55="Y")*(J55<>J48)*(K55="Y")*(H55<>"")* (J55<>""))+((L55<>L48)*(M55="Y")*(N55<>N48)*(O55="Y")*(L55<>"")* (N55<>""))+((P55<>P48)*(Q55="Y")*(R55<>R48)*(S55="Y")*(P55<>"")* (R55<>""))),0) | V55: =IFERROR(SUMPRODUCT(((D55=D48)*(E55="Y")*(F55<>F48)*(G55="Y")*(D55<>"")* (F55<>""))+((H55=H48)*(I55="Y")*(J55<>J48)*(K55="Y")*(H55<>"")* (J55<>""))+((L55=L48)*(M55="Y")*(N55<>N48)*(O55="Y")*(L55<>"")* (N55<>""))+((P55=P48)*(Q55="Y")*(R55<>R48)*(S55="Y")*(P55<>"")* (R55<>""))),0) | W55: =IFERROR(SUMPRODUCT(((E55="N")*(D55<>"")* (F55<>""))+((I55="N")*(H55<>"")* (J55<>""))+((M55="N")*(L55<>"")* (N55<>""))+((Q55="N")*(P55<>"")* (R55<>""))),0) | X55: =IFERROR(U55/4,0)
B56: ='📥 ข้อมูลนักเรียน'!B11 | C56: ='📥 ข้อมูลนักเรียน'!C11 | T56: =IFERROR(SUMPRODUCT(((D56=D48)*(E56="Y")*(F56=F48)*(G56="Y")*(D56<>"")* (F56<>""))+((H56=H48)*(I56="Y")*(J56=J48)*(K56="Y")*(H56<>"")* (J56<>""))+((L56=L48)*(M56="Y")*(N56=N48)*(O56="Y")*(L56<>"")* (N56<>""))+((P56=P48)*(Q56="Y")*(R56=R48)*(S56="Y")*(P56<>"")* (R56<>""))),0) | U56: =IFERROR(SUMPRODUCT(((D56<>D48)*(E56="Y")*(F56<>F48)*(G56="Y")*(D56<>"")* (F56<>""))+((H56<>H48)*(I56="Y")*(J56<>J48)*(K56="Y")*(H56<>"")* (J56<>""))+((L56<>L48)*(M56="Y")*(N56<>N48)*(O56="Y")*(L56<>"")* (N56<>""))+((P56<>P48)*(Q56="Y")*(R56<>R48)*(S56="Y")*(P56<>"")* (R56<>""))),0) | V56: =IFERROR(SUMPRODUCT(((D56=D48)*(E56="Y")*(F56<>F48)*(G56="Y")*(D56<>"")* (F56<>""))+((H56=H48)*(I56="Y")*(J56<>J48)*(K56="Y")*(H56<>"")* (J56<>""))+((L56=L48)*(M56="Y")*(N56<>N48)*(O56="Y")*(L56<>"")* (N56<>""))+((P56=P48)*(Q56="Y")*(R56<>R48)*(S56="Y")*(P56<>"")* (R56<>""))),0) | W56: =IFERROR(SUMPRODUCT(((E56="N")*(D56<>"")* (F56<>""))+((I56="N")*(H56<>"")* (J56<>""))+((M56="N")*(L56<>"")* (N56<>""))+((Q56="N")*(P56<>"")* (R56<>""))),0) | X56: =IFERROR(U56/4,0)
B57: ='📥 ข้อมูลนักเรียน'!B12 | C57: ='📥 ข้อมูลนักเรียน'!C12 | T57: =IFERROR(SUMPRODUCT(((D57=D48)*(E57="Y")*(F57=F48)*(G57="Y")*(D57<>"")* (F57<>""))+((H57=H48)*(I57="Y")*(J57=J48)*(K57="Y")*(H57<>"")* (J57<>""))+((L57=L48)*(M57="Y")*(N57=N48)*(O57="Y")*(L57<>"")* (N57<>""))+((P57=P48)*(Q57="Y")*(R57=R48)*(S57="Y")*(P57<>"")* (R57<>""))),0) | U57: =IFERROR(SUMPRODUCT(((D57<>D48)*(E57="Y")*(F57<>F48)*(G57="Y")*(D57<>"")* (F57<>""))+((H57<>H48)*(I57="Y")*(J57<>J48)*(K57="Y")*(H57<>"")* (J57<>""))+((L57<>L48)*(M57="Y")*(N57<>N48)*(O57="Y")*(L57<>"")* (N57<>""))+((P57<>P48)*(Q57="Y")*(R57<>R48)*(S57="Y")*(P57<>"")* (R57<>""))),0) | V57: =IFERROR(SUMPRODUCT(((D57=D48)*(E57="Y")*(F57<>F48)*(G57="Y")*(D57<>"")* (F57<>""))+((H57=H48)*(I57="Y")*(J57<>J48)*(K57="Y")*(H57<>"")* (J57<>""))+((L57=L48)*(M57="Y")*(N57<>N48)*(O57="Y")*(L57<>"")* (N57<>""))+((P57=P48)*(Q57="Y")*(R57<>R48)*(S57="Y")*(P57<>"")* (R57<>""))),0) | W57: =IFERROR(SUMPRODUCT(((E57="N")*(D57<>"")* (F57<>""))+((I57="N")*(H57<>"")* (J57<>""))+((M57="N")*(L57<>"")* (N57<>""))+((Q57="N")*(P57<>"")* (R57<>""))),0) | X57: =IFERROR(U57/4,0)
B58: ='📥 ข้อมูลนักเรียน'!B13 | C58: ='📥 ข้อมูลนักเรียน'!C13 | T58: =IFERROR(SUMPRODUCT(((D58=D48)*(E58="Y")*(F58=F48)*(G58="Y")*(D58<>"")* (F58<>""))+((H58=H48)*(I58="Y")*(J58=J48)*(K58="Y")*(H58<>"")* (J58<>""))+((L58=L48)*(M58="Y")*(N58=N48)*(O58="Y")*(L58<>"")* (N58<>""))+((P58=P48)*(Q58="Y")*(R58=R48)*(S58="Y")*(P58<>"")* (R58<>""))),0) | U58: =IFERROR(SUMPRODUCT(((D58<>D48)*(E58="Y")*(F58<>F48)*(G58="Y")*(D58<>"")* (F58<>""))+((H58<>H48)*(I58="Y")*(J58<>J48)*(K58="Y")*(H58<>"")* (J58<>""))+((L58<>L48)*(M58="Y")*(N58<>N48)*(O58="Y")*(L58<>"")* (N58<>""))+((P58<>P48)*(Q58="Y")*(R58<>R48)*(S58="Y")*(P58<>"")* (R58<>""))),0) | V58: =IFERROR(SUMPRODUCT(((D58=D48)*(E58="Y")*(F58<>F48)*(G58="Y")*(D58<>"")* (F58<>""))+((H58=H48)*(I58="Y")*(J58<>J48)*(K58="Y")*(H58<>"")* (J58<>""))+((L58=L48)*(M58="Y")*(N58<>N48)*(O58="Y")*(L58<>"")* (N58<>""))+((P58=P48)*(Q58="Y")*(R58<>R48)*(S58="Y")*(P58<>"")* (R58<>""))),0) | W58: =IFERROR(SUMPRODUCT(((E58="N")*(D58<>"")* (F58<>""))+((I58="N")*(H58<>"")* (J58<>""))+((M58="N")*(L58<>"")* (N58<>""))+((Q58="N")*(P58<>"")* (R58<>""))),0) | X58: =IFERROR(U58/4,0)
B59: ='📥 ข้อมูลนักเรียน'!B14 | C59: ='📥 ข้อมูลนักเรียน'!C14 | T59: =IFERROR(SUMPRODUCT(((D59=D48)*(E59="Y")*(F59=F48)*(G59="Y")*(D59<>"")* (F59<>""))+((H59=H48)*(I59="Y")*(J59=J48)*(K59="Y")*(H59<>"")* (J59<>""))+((L59=L48)*(M59="Y")*(N59=N48)*(O59="Y")*(L59<>"")* (N59<>""))+((P59=P48)*(Q59="Y")*(R59=R48)*(S59="Y")*(P59<>"")* (R59<>""))),0) | U59: =IFERROR(SUMPRODUCT(((D59<>D48)*(E59="Y")*(F59<>F48)*(G59="Y")*(D59<>"")* (F59<>""))+((H59<>H48)*(I59="Y")*(J59<>J48)*(K59="Y")*(H59<>"")* (J59<>""))+((L59<>L48)*(M59="Y")*(N59<>N48)*(O59="Y")*(L59<>"")* (N59<>""))+((P59<>P48)*(Q59="Y")*(R59<>R48)*(S59="Y")*(P59<>"")* (R59<>""))),0) | V59: =IFERROR(SUMPRODUCT(((D59=D48)*(E59="Y")*(F59<>F48)*(G59="Y")*(D59<>"")* (F59<>""))+((H59=H48)*(I59="Y")*(J59<>J48)*(K59="Y")*(H59<>"")* (J59<>""))+((L59=L48)*(M59="Y")*(N59<>N48)*(O59="Y")*(L59<>"")* (N59<>""))+((P59=P48)*(Q59="Y")*(R59<>R48)*(S59="Y")*(P59<>"")* (R59<>""))),0) | W59: =IFERROR(SUMPRODUCT(((E59="N")*(D59<>"")* (F59<>""))+((I59="N")*(H59<>"")* (J59<>""))+((M59="N")*(L59<>"")* (N59<>""))+((Q59="N")*(P59<>"")* (R59<>""))),0) | X59: =IFERROR(U59/4,0)
B60: ='📥 ข้อมูลนักเรียน'!B15 | C60: ='📥 ข้อมูลนักเรียน'!C15 | T60: =IFERROR(SUMPRODUCT(((D60=D48)*(E60="Y")*(F60=F48)*(G60="Y")*(D60<>"")* (F60<>""))+((H60=H48)*(I60="Y")*(J60=J48)*(K60="Y")*(H60<>"")* (J60<>""))+((L60=L48)*(M60="Y")*(N60=N48)*(O60="Y")*(L60<>"")* (N60<>""))+((P60=P48)*(Q60="Y")*(R60=R48)*(S60="Y")*(P60<>"")* (R60<>""))),0) | U60: =IFERROR(SUMPRODUCT(((D60<>D48)*(E60="Y")*(F60<>F48)*(G60="Y")*(D60<>"")* (F60<>""))+((H60<>H48)*(I60="Y")*(J60<>J48)*(K60="Y")*(H60<>"")* (J60<>""))+((L60<>L48)*(M60="Y")*(N60<>N48)*(O60="Y")*(L60<>"")* (N60<>""))+((P60<>P48)*(Q60="Y")*(R60<>R48)*(S60="Y")*(P60<>"")* (R60<>""))),0) | V60: =IFERROR(SUMPRODUCT(((D60=D48)*(E60="Y")*(F60<>F48)*(G60="Y")*(D60<>"")* (F60<>""))+((H60=H48)*(I60="Y")*(J60<>J48)*(K60="Y")*(H60<>"")* (J60<>""))+((L60=L48)*(M60="Y")*(N60<>N48)*(O60="Y")*(L60<>"")* (N60<>""))+((P60=P48)*(Q60="Y")*(R60<>R48)*(S60="Y")*(P60<>"")* (R60<>""))),0) | W60: =IFERROR(SUMPRODUCT(((E60="N")*(D60<>"")* (F60<>""))+((I60="N")*(H60<>"")* (J60<>""))+((M60="N")*(L60<>"")* (N60<>""))+((Q60="N")*(P60<>"")* (R60<>""))),0) | X60: =IFERROR(U60/4,0)
B61: ='📥 ข้อมูลนักเรียน'!B16 | C61: ='📥 ข้อมูลนักเรียน'!C16 | T61: =IFERROR(SUMPRODUCT(((D61=D48)*(E61="Y")*(F61=F48)*(G61="Y")*(D61<>"")* (F61<>""))+((H61=H48)*(I61="Y")*(J61=J48)*(K61="Y")*(H61<>"")* (J61<>""))+((L61=L48)*(M61="Y")*(N61=N48)*(O61="Y")*(L61<>"")* (N61<>""))+((P61=P48)*(Q61="Y")*(R61=R48)*(S61="Y")*(P61<>"")* (R61<>""))),0) | U61: =IFERROR(SUMPRODUCT(((D61<>D48)*(E61="Y")*(F61<>F48)*(G61="Y")*(D61<>"")* (F61<>""))+((H61<>H48)*(I61="Y")*(J61<>J48)*(K61="Y")*(H61<>"")* (J61<>""))+((L61<>L48)*(M61="Y")*(N61<>N48)*(O61="Y")*(L61<>"")* (N61<>""))+((P61<>P48)*(Q61="Y")*(R61<>R48)*(S61="Y")*(P61<>"")* (R61<>""))),0) | V61: =IFERROR(SUMPRODUCT(((D61=D48)*(E61="Y")*(F61<>F48)*(G61="Y")*(D61<>"")* (F61<>""))+((H61=H48)*(I61="Y")*(J61<>J48)*(K61="Y")*(H61<>"")* (J61<>""))+((L61=L48)*(M61="Y")*(N61<>N48)*(O61="Y")*(L61<>"")* (N61<>""))+((P61=P48)*(Q61="Y")*(R61<>R48)*(S61="Y")*(P61<>"")* (R61<>""))),0) | W61: =IFERROR(SUMPRODUCT(((E61="N")*(D61<>"")* (F61<>""))+((I61="N")*(H61<>"")* (J61<>""))+((M61="N")*(L61<>"")* (N61<>""))+((Q61="N")*(P61<>"")* (R61<>""))),0) | X61: =IFERROR(U61/4,0)
B62: ='📥 ข้อมูลนักเรียน'!B17 | C62: ='📥 ข้อมูลนักเรียน'!C17 | T62: =IFERROR(SUMPRODUCT(((D62=D48)*(E62="Y")*(F62=F48)*(G62="Y")*(D62<>"")* (F62<>""))+((H62=H48)*(I62="Y")*(J62=J48)*(K62="Y")*(H62<>"")* (J62<>""))+((L62=L48)*(M62="Y")*(N62=N48)*(O62="Y")*(L62<>"")* (N62<>""))+((P62=P48)*(Q62="Y")*(R62=R48)*(S62="Y")*(P62<>"")* (R62<>""))),0) | U62: =IFERROR(SUMPRODUCT(((D62<>D48)*(E62="Y")*(F62<>F48)*(G62="Y")*(D62<>"")* (F62<>""))+((H62<>H48)*(I62="Y")*(J62<>J48)*(K62="Y")*(H62<>"")* (J62<>""))+((L62<>L48)*(M62="Y")*(N62<>N48)*(O62="Y")*(L62<>"")* (N62<>""))+((P62<>P48)*(Q62="Y")*(R62<>R48)*(S62="Y")*(P62<>"")* (R62<>""))),0) | V62: =IFERROR(SUMPRODUCT(((D62=D48)*(E62="Y")*(F62<>F48)*(G62="Y")*(D62<>"")* (F62<>""))+((H62=H48)*(I62="Y")*(J62<>J48)*(K62="Y")*(H62<>"")* (J62<>""))+((L62=L48)*(M62="Y")*(N62<>N48)*(O62="Y")*(L62<>"")* (N62<>""))+((P62=P48)*(Q62="Y")*(R62<>R48)*(S62="Y")*(P62<>"")* (R62<>""))),0) | W62: =IFERROR(SUMPRODUCT(((E62="N")*(D62<>"")* (F62<>""))+((I62="N")*(H62<>"")* (J62<>""))+((M62="N")*(L62<>"")* (N62<>""))+((Q62="N")*(P62<>"")* (R62<>""))),0) | X62: =IFERROR(U62/4,0)
B63: ='📥 ข้อมูลนักเรียน'!B18 | C63: ='📥 ข้อมูลนักเรียน'!C18 | T63: =IFERROR(SUMPRODUCT(((D63=D48)*(E63="Y")*(F63=F48)*(G63="Y")*(D63<>"")*(F63<>""))+((H63=H48)*(I63="Y")*(J63=J48)*(K63="Y")*(H63<>"")*(J63<>""))+((L63=L48)*(M63="Y")*(N63=N48)*(O63="Y")*(L63<>"")*(N63<>""))+((P63=P48)*(Q63="Y")*(R63=R48)*(S63="Y")*(P63<>"")*(R63<>""))),0) | U63: =IFERROR(SUMPRODUCT(((D63<>D48)*(E63="Y")*(F63<>F48)*(G63="Y")*(D63<>"")*(F63<>""))+((H63<>H48)*(I63="Y")*(J63<>J48)*(K63="Y")*(H63<>"")*(J63<>""))+((L63<>L48)*(M63="Y")*(N63<>N48)*(O63="Y")*(L63<>"")*(N63<>""))+((P63<>P48)*(Q63="Y")*(R63<>R48)*(S63="Y")*(P63<>"")*(R63<>""))),0) | V63: =IFERROR(SUMPRODUCT(((D63=D48)*(E63="Y")*(F63<>F48)*(G63="Y")*(D63<>"")*(F63<>""))+((H63=H48)*(I63="Y")*(J63<>J48)*(K63="Y")*(H63<>"")*(J63<>""))+((L63=L48)*(M63="Y")*(N63<>N48)*(O63="Y")*(L63<>"")*(N63<>""))+((P63=P48)*(Q63="Y")*(R63<>R48)*(S63="Y")*(P63<>"")*(R63<>""))),0) | W63: =IFERROR(SUMPRODUCT(((E63="N")*(D63<>"")*(F63<>""))+((I63="N")*(H63<>"")*(J63<>""))+((M63="N")*(L63<>"")*(N63<>""))+((Q63="N")*(P63<>"")*(R63<>""))),0) | X63: =IFERROR(U63/4,0)
B64: ='📥 ข้อมูลนักเรียน'!B19 | C64: ='📥 ข้อมูลนักเรียน'!C19 | T64: =IFERROR(SUMPRODUCT(((D64=D48)*(E64="Y")*(F64=F48)*(G64="Y")*(D64<>"")*(F64<>""))+((H64=H48)*(I64="Y")*(J64=J48)*(K64="Y")*(H64<>"")*(J64<>""))+((L64=L48)*(M64="Y")*(N64=N48)*(O64="Y")*(L64<>"")*(N64<>""))+((P64=P48)*(Q64="Y")*(R64=R48)*(S64="Y")*(P64<>"")*(R64<>""))),0) | U64: =IFERROR(SUMPRODUCT(((D64<>D48)*(E64="Y")*(F64<>F48)*(G64="Y")*(D64<>"")*(F64<>""))+((H64<>H48)*(I64="Y")*(J64<>J48)*(K64="Y")*(H64<>"")*(J64<>""))+((L64<>L48)*(M64="Y")*(N64<>N48)*(O64="Y")*(L64<>"")*(N64<>""))+((P64<>P48)*(Q64="Y")*(R64<>R48)*(S64="Y")*(P64<>"")*(R64<>""))),0) | V64: =IFERROR(SUMPRODUCT(((D64=D48)*(E64="Y")*(F64<>F48)*(G64="Y")*(D64<>"")*(F64<>""))+((H64=H48)*(I64="Y")*(J64<>J48)*(K64="Y")*(H64<>"")*(J64<>""))+((L64=L48)*(M64="Y")*(N64<>N48)*(O64="Y")*(L64<>"")*(N64<>""))+((P64=P48)*(Q64="Y")*(R64<>R48)*(S64="Y")*(P64<>"")*(R64<>""))),0) | W64: =IFERROR(SUMPRODUCT(((E64="N")*(D64<>"")*(F64<>""))+((I64="N")*(H64<>"")*(J64<>""))+((M64="N")*(L64<>"")*(N64<>""))+((Q64="N")*(P64<>"")*(R64<>""))),0) | X64: =IFERROR(U64/4,0)
B65: ='📥 ข้อมูลนักเรียน'!B20 | C65: ='📥 ข้อมูลนักเรียน'!C20 | T65: =IFERROR(SUMPRODUCT(((D65=D48)*(E65="Y")*(F65=F48)*(G65="Y")*(D65<>"")*(F65<>""))+((H65=H48)*(I65="Y")*(J65=J48)*(K65="Y")*(H65<>"")*(J65<>""))+((L65=L48)*(M65="Y")*(N65=N48)*(O65="Y")*(L65<>"")*(N65<>""))+((P65=P48)*(Q65="Y")*(R65=R48)*(S65="Y")*(P65<>"")*(R65<>""))),0) | U65: =IFERROR(SUMPRODUCT(((D65<>D48)*(E65="Y")*(F65<>F48)*(G65="Y")*(D65<>"")*(F65<>""))+((H65<>H48)*(I65="Y")*(J65<>J48)*(K65="Y")*(H65<>"")*(J65<>""))+((L65<>L48)*(M65="Y")*(N65<>N48)*(O65="Y")*(L65<>"")*(N65<>""))+((P65<>P48)*(Q65="Y")*(R65<>R48)*(S65="Y")*(P65<>"")*(R65<>""))),0) | V65: =IFERROR(SUMPRODUCT(((D65=D48)*(E65="Y")*(F65<>F48)*(G65="Y")*(D65<>"")*(F65<>""))+((H65=H48)*(I65="Y")*(J65<>J48)*(K65="Y")*(H65<>"")*(J65<>""))+((L65=L48)*(M65="Y")*(N65<>N48)*(O65="Y")*(L65<>"")*(N65<>""))+((P65=P48)*(Q65="Y")*(R65<>R48)*(S65="Y")*(P65<>"")*(R65<>""))),0) | W65: =IFERROR(SUMPRODUCT(((E65="N")*(D65<>"")*(F65<>""))+((I65="N")*(H65<>"")*(J65<>""))+((M65="N")*(L65<>"")*(N65<>""))+((Q65="N")*(P65<>"")*(R65<>""))),0) | X65: =IFERROR(U65/4,0)
B66: ='📥 ข้อมูลนักเรียน'!B21 | C66: ='📥 ข้อมูลนักเรียน'!C21 | T66: =IFERROR(SUMPRODUCT(((D66=D48)*(E66="Y")*(F66=F48)*(G66="Y")*(D66<>"")*(F66<>""))+((H66=H48)*(I66="Y")*(J66=J48)*(K66="Y")*(H66<>"")*(J66<>""))+((L66=L48)*(M66="Y")*(N66=N48)*(O66="Y")*(L66<>"")*(N66<>""))+((P66=P48)*(Q66="Y")*(R66=R48)*(S66="Y")*(P66<>"")*(R66<>""))),0) | U66: =IFERROR(SUMPRODUCT(((D66<>D48)*(E66="Y")*(F66<>F48)*(G66="Y")*(D66<>"")*(F66<>""))+((H66<>H48)*(I66="Y")*(J66<>J48)*(K66="Y")*(H66<>"")*(J66<>""))+((L66<>L48)*(M66="Y")*(N66<>N48)*(O66="Y")*(L66<>"")*(N66<>""))+((P66<>P48)*(Q66="Y")*(R66<>R48)*(S66="Y")*(P66<>"")*(R66<>""))),0) | V66: =IFERROR(SUMPRODUCT(((D66=D48)*(E66="Y")*(F66<>F48)*(G66="Y")*(D66<>"")*(F66<>""))+((H66=H48)*(I66="Y")*(J66<>J48)*(K66="Y")*(H66<>"")*(J66<>""))+((L66=L48)*(M66="Y")*(N66<>N48)*(O66="Y")*(L66<>"")*(N66<>""))+((P66=P48)*(Q66="Y")*(R66<>R48)*(S66="Y")*(P66<>"")*(R66<>""))),0) | W66: =IFERROR(SUMPRODUCT(((E66="N")*(D66<>"")*(F66<>""))+((I66="N")*(H66<>"")*(J66<>""))+((M66="N")*(L66<>"")*(N66<>""))+((Q66="N")*(P66<>"")*(R66<>""))),0) | X66: =IFERROR(U66/4,0)
B67: ='📥 ข้อมูลนักเรียน'!B22 | C67: ='📥 ข้อมูลนักเรียน'!C22 | T67: =IFERROR(SUMPRODUCT(((D67=D48)*(E67="Y")*(F67=F48)*(G67="Y")*(D67<>"")*(F67<>""))+((H67=H48)*(I67="Y")*(J67=J48)*(K67="Y")*(H67<>"")*(J67<>""))+((L67=L48)*(M67="Y")*(N67=N48)*(O67="Y")*(L67<>"")*(N67<>""))+((P67=P48)*(Q67="Y")*(R67=R48)*(S67="Y")*(P67<>"")*(R67<>""))),0) | U67: =IFERROR(SUMPRODUCT(((D67<>D48)*(E67="Y")*(F67<>F48)*(G67="Y")*(D67<>"")*(F67<>""))+((H67<>H48)*(I67="Y")*(J67<>J48)*(K67="Y")*(H67<>"")*(J67<>""))+((L67<>L48)*(M67="Y")*(N67<>N48)*(O67="Y")*(L67<>"")*(N67<>""))+((P67<>P48)*(Q67="Y")*(R67<>R48)*(S67="Y")*(P67<>"")*(R67<>""))),0) | V67: =IFERROR(SUMPRODUCT(((D67=D48)*(E67="Y")*(F67<>F48)*(G67="Y")*(D67<>"")*(F67<>""))+((H67=H48)*(I67="Y")*(J67<>J48)*(K67="Y")*(H67<>"")*(J67<>""))+((L67=L48)*(M67="Y")*(N67<>N48)*(O67="Y")*(L67<>"")*(N67<>""))+((P67=P48)*(Q67="Y")*(R67<>R48)*(S67="Y")*(P67<>"")*(R67<>""))),0) | W67: =IFERROR(SUMPRODUCT(((E67="N")*(D67<>"")*(F67<>""))+((I67="N")*(H67<>"")*(J67<>""))+((M67="N")*(L67<>"")*(N67<>""))+((Q67="N")*(P67<>"")*(R67<>""))),0) | X67: =IFERROR(U67/4,0)
B68: ='📥 ข้อมูลนักเรียน'!B23 | C68: ='📥 ข้อมูลนักเรียน'!C23 | T68: =IFERROR(SUMPRODUCT(((D68=D48)*(E68="Y")*(F68=F48)*(G68="Y")*(D68<>"")*(F68<>""))+((H68=H48)*(I68="Y")*(J68=J48)*(K68="Y")*(H68<>"")*(J68<>""))+((L68=L48)*(M68="Y")*(N68=N48)*(O68="Y")*(L68<>"")*(N68<>""))+((P68=P48)*(Q68="Y")*(R68=R48)*(S68="Y")*(P68<>"")*(R68<>""))),0) | U68: =IFERROR(SUMPRODUCT(((D68<>D48)*(E68="Y")*(F68<>F48)*(G68="Y")*(D68<>"")*(F68<>""))+((H68<>H48)*(I68="Y")*(J68<>J48)*(K68="Y")*(H68<>"")*(J68<>""))+((L68<>L48)*(M68="Y")*(N68<>N48)*(O68="Y")*(L68<>"")*(N68<>""))+((P68<>P48)*(Q68="Y")*(R68<>R48)*(S68="Y")*(P68<>"")*(R68<>""))),0) | V68: =IFERROR(SUMPRODUCT(((D68=D48)*(E68="Y")*(F68<>F48)*(G68="Y")*(D68<>"")*(F68<>""))+((H68=H48)*(I68="Y")*(J68<>J48)*(K68="Y")*(H68<>"")*(J68<>""))+((L68=L48)*(M68="Y")*(N68<>N48)*(O68="Y")*(L68<>"")*(N68<>""))+((P68=P48)*(Q68="Y")*(R68<>R48)*(S68="Y")*(P68<>"")*(R68<>""))),0) | W68: =IFERROR(SUMPRODUCT(((E68="N")*(D68<>"")*(F68<>""))+((I68="N")*(H68<>"")*(J68<>""))+((M68="N")*(L68<>"")*(N68<>""))+((Q68="N")*(P68<>"")*(R68<>""))),0) | X68: =IFERROR(U68/4,0)
B69: ='📥 ข้อมูลนักเรียน'!B24 | C69: ='📥 ข้อมูลนักเรียน'!C24 | T69: =IFERROR(SUMPRODUCT(((D69=D48)*(E69="Y")*(F69=F48)*(G69="Y")*(D69<>"")*(F69<>""))+((H69=H48)*(I69="Y")*(J69=J48)*(K69="Y")*(H69<>"")*(J69<>""))+((L69=L48)*(M69="Y")*(N69=N48)*(O69="Y")*(L69<>"")*(N69<>""))+((P69=P48)*(Q69="Y")*(R69=R48)*(S69="Y")*(P69<>"")*(R69<>""))),0) | U69: =IFERROR(SUMPRODUCT(((D69<>D48)*(E69="Y")*(F69<>F48)*(G69="Y")*(D69<>"")*(F69<>""))+((H69<>H48)*(I69="Y")*(J69<>J48)*(K69="Y")*(H69<>"")*(J69<>""))+((L69<>L48)*(M69="Y")*(N69<>N48)*(O69="Y")*(L69<>"")*(N69<>""))+((P69<>P48)*(Q69="Y")*(R69<>R48)*(S69="Y")*(P69<>"")*(R69<>""))),0) | V69: =IFERROR(SUMPRODUCT(((D69=D48)*(E69="Y")*(F69<>F48)*(G69="Y")*(D69<>"")*(F69<>""))+((H69=H48)*(I69="Y")*(J69<>J48)*(K69="Y")*(H69<>"")*(J69<>""))+((L69=L48)*(M69="Y")*(N69<>N48)*(O69="Y")*(L69<>"")*(N69<>""))+((P69=P48)*(Q69="Y")*(R69<>R48)*(S69="Y")*(P69<>"")*(R69<>""))),0) | W69: =IFERROR(SUMPRODUCT(((E69="N")*(D69<>"")*(F69<>""))+((I69="N")*(H69<>"")*(J69<>""))+((M69="N")*(L69<>"")*(N69<>""))+((Q69="N")*(P69<>"")*(R69<>""))),0) | X69: =IFERROR(U69/4,0)
B70: ='📥 ข้อมูลนักเรียน'!B25 | C70: ='📥 ข้อมูลนักเรียน'!C25 | T70: =IFERROR(SUMPRODUCT(((D70=D48)*(E70="Y")*(F70=F48)*(G70="Y")*(D70<>"")*(F70<>""))+((H70=H48)*(I70="Y")*(J70=J48)*(K70="Y")*(H70<>"")*(J70<>""))+((L70=L48)*(M70="Y")*(N70=N48)*(O70="Y")*(L70<>"")*(N70<>""))+((P70=P48)*(Q70="Y")*(R70=R48)*(S70="Y")*(P70<>"")*(R70<>""))),0) | U70: =IFERROR(SUMPRODUCT(((D70<>D48)*(E70="Y")*(F70<>F48)*(G70="Y")*(D70<>"")*(F70<>""))+((H70<>H48)*(I70="Y")*(J70<>J48)*(K70="Y")*(H70<>"")*(J70<>""))+((L70<>L48)*(M70="Y")*(N70<>N48)*(O70="Y")*(L70<>"")*(N70<>""))+((P70<>P48)*(Q70="Y")*(R70<>R48)*(S70="Y")*(P70<>"")*(R70<>""))),0) | V70: =IFERROR(SUMPRODUCT(((D70=D48)*(E70="Y")*(F70<>F48)*(G70="Y")*(D70<>"")*(F70<>""))+((H70=H48)*(I70="Y")*(J70<>J48)*(K70="Y")*(H70<>"")*(J70<>""))+((L70=L48)*(M70="Y")*(N70<>N48)*(O70="Y")*(L70<>"")*(N70<>""))+((P70=P48)*(Q70="Y")*(R70<>R48)*(S70="Y")*(P70<>"")*(R70<>""))),0) | W70: =IFERROR(SUMPRODUCT(((E70="N")*(D70<>"")*(F70<>""))+((I70="N")*(H70<>"")*(J70<>""))+((M70="N")*(L70<>"")*(N70<>""))+((Q70="N")*(P70<>"")*(R70<>""))),0) | X70: =IFERROR(U70/4,0)
B71: ='📥 ข้อมูลนักเรียน'!B26 | C71: ='📥 ข้อมูลนักเรียน'!C26 | T71: =IFERROR(SUMPRODUCT(((D71=D48)*(E71="Y")*(F71=F48)*(G71="Y")*(D71<>"")*(F71<>""))+((H71=H48)*(I71="Y")*(J71=J48)*(K71="Y")*(H71<>"")*(J71<>""))+((L71=L48)*(M71="Y")*(N71=N48)*(O71="Y")*(L71<>"")*(N71<>""))+((P71=P48)*(Q71="Y")*(R71=R48)*(S71="Y")*(P71<>"")*(R71<>""))),0) | U71: =IFERROR(SUMPRODUCT(((D71<>D48)*(E71="Y")*(F71<>F48)*(G71="Y")*(D71<>"")*(F71<>""))+((H71<>H48)*(I71="Y")*(J71<>J48)*(K71="Y")*(H71<>"")*(J71<>""))+((L71<>L48)*(M71="Y")*(N71<>N48)*(O71="Y")*(L71<>"")*(N71<>""))+((P71<>P48)*(Q71="Y")*(R71<>R48)*(S71="Y")*(P71<>"")*(R71<>""))),0) | V71: =IFERROR(SUMPRODUCT(((D71=D48)*(E71="Y")*(F71<>F48)*(G71="Y")*(D71<>"")*(F71<>""))+((H71=H48)*(I71="Y")*(J71<>J48)*(K71="Y")*(H71<>"")*(J71<>""))+((L71=L48)*(M71="Y")*(N71<>N48)*(O71="Y")*(L71<>"")*(N71<>""))+((P71=P48)*(Q71="Y")*(R71<>R48)*(S71="Y")*(P71<>"")*(R71<>""))),0) | W71: =IFERROR(SUMPRODUCT(((E71="N")*(D71<>"")*(F71<>""))+((I71="N")*(H71<>"")*(J71<>""))+((M71="N")*(L71<>"")*(N71<>""))+((Q71="N")*(P71<>"")*(R71<>""))),0) | X71: =IFERROR(U71/4,0)
B72: ='📥 ข้อมูลนักเรียน'!B27 | C72: ='📥 ข้อมูลนักเรียน'!C27 | T72: =IFERROR(SUMPRODUCT(((D72=D48)*(E72="Y")*(F72=F48)*(G72="Y")*(D72<>"")*(F72<>""))+((H72=H48)*(I72="Y")*(J72=J48)*(K72="Y")*(H72<>"")*(J72<>""))+((L72=L48)*(M72="Y")*(N72=N48)*(O72="Y")*(L72<>"")*(N72<>""))+((P72=P48)*(Q72="Y")*(R72=R48)*(S72="Y")*(P72<>"")*(R72<>""))),0) | U72: =IFERROR(SUMPRODUCT(((D72<>D48)*(E72="Y")*(F72<>F48)*(G72="Y")*(D72<>"")*(F72<>""))+((H72<>H48)*(I72="Y")*(J72<>J48)*(K72="Y")*(H72<>"")*(J72<>""))+((L72<>L48)*(M72="Y")*(N72<>N48)*(O72="Y")*(L72<>"")*(N72<>""))+((P72<>P48)*(Q72="Y")*(R72<>R48)*(S72="Y")*(P72<>"")*(R72<>""))),0) | V72: =IFERROR(SUMPRODUCT(((D72=D48)*(E72="Y")*(F72<>F48)*(G72="Y")*(D72<>"")*(F72<>""))+((H72=H48)*(I72="Y")*(J72<>J48)*(K72="Y")*(H72<>"")*(J72<>""))+((L72=L48)*(M72="Y")*(N72<>N48)*(O72="Y")*(L72<>"")*(N72<>""))+((P72=P48)*(Q72="Y")*(R72<>R48)*(S72="Y")*(P72<>"")*(R72<>""))),0) | W72: =IFERROR(SUMPRODUCT(((E72="N")*(D72<>"")*(F72<>""))+((I72="N")*(H72<>"")*(J72<>""))+((M72="N")*(L72<>"")*(N72<>""))+((Q72="N")*(P72<>"")*(R72<>""))),0) | X72: =IFERROR(U72/4,0)
B73: ='📥 ข้อมูลนักเรียน'!B28 | C73: ='📥 ข้อมูลนักเรียน'!C28 | T73: =IFERROR(SUMPRODUCT(((D73=D48)*(E73="Y")*(F73=F48)*(G73="Y")*(D73<>"")*(F73<>""))+((H73=H48)*(I73="Y")*(J73=J48)*(K73="Y")*(H73<>"")*(J73<>""))+((L73=L48)*(M73="Y")*(N73=N48)*(O73="Y")*(L73<>"")*(N73<>""))+((P73=P48)*(Q73="Y")*(R73=R48)*(S73="Y")*(P73<>"")*(R73<>""))),0) | U73: =IFERROR(SUMPRODUCT(((D73<>D48)*(E73="Y")*(F73<>F48)*(G73="Y")*(D73<>"")*(F73<>""))+((H73<>H48)*(I73="Y")*(J73<>J48)*(K73="Y")*(H73<>"")*(J73<>""))+((L73<>L48)*(M73="Y")*(N73<>N48)*(O73="Y")*(L73<>"")*(N73<>""))+((P73<>P48)*(Q73="Y")*(R73<>R48)*(S73="Y")*(P73<>"")*(R73<>""))),0) | V73: =IFERROR(SUMPRODUCT(((D73=D48)*(E73="Y")*(F73<>F48)*(G73="Y")*(D73<>"")*(F73<>""))+((H73=H48)*(I73="Y")*(J73<>J48)*(K73="Y")*(H73<>"")*(J73<>""))+((L73=L48)*(M73="Y")*(N73<>N48)*(O73="Y")*(L73<>"")*(N73<>""))+((P73=P48)*(Q73="Y")*(R73<>R48)*(S73="Y")*(P73<>"")*(R73<>""))),0) | W73: =IFERROR(SUMPRODUCT(((E73="N")*(D73<>"")*(F73<>""))+((I73="N")*(H73<>"")*(J73<>""))+((M73="N")*(L73<>"")*(N73<>""))+((Q73="N")*(P73<>"")*(R73<>""))),0) | X73: =IFERROR(U73/4,0)
B74: ='📥 ข้อมูลนักเรียน'!B29 | C74: ='📥 ข้อมูลนักเรียน'!C29 | T74: =IFERROR(SUMPRODUCT(((D74=D48)*(E74="Y")*(F74=F48)*(G74="Y")*(D74<>"")*(F74<>""))+((H74=H48)*(I74="Y")*(J74=J48)*(K74="Y")*(H74<>"")*(J74<>""))+((L74=L48)*(M74="Y")*(N74=N48)*(O74="Y")*(L74<>"")*(N74<>""))+((P74=P48)*(Q74="Y")*(R74=R48)*(S74="Y")*(P74<>"")*(R74<>""))),0) | U74: =IFERROR(SUMPRODUCT(((D74<>D48)*(E74="Y")*(F74<>F48)*(G74="Y")*(D74<>"")*(F74<>""))+((H74<>H48)*(I74="Y")*(J74<>J48)*(K74="Y")*(H74<>"")*(J74<>""))+((L74<>L48)*(M74="Y")*(N74<>N48)*(O74="Y")*(L74<>"")*(N74<>""))+((P74<>P48)*(Q74="Y")*(R74<>R48)*(S74="Y")*(P74<>"")*(R74<>""))),0) | V74: =IFERROR(SUMPRODUCT(((D74=D48)*(E74="Y")*(F74<>F48)*(G74="Y")*(D74<>"")*(F74<>""))+((H74=H48)*(I74="Y")*(J74<>J48)*(K74="Y")*(H74<>"")*(J74<>""))+((L74=L48)*(M74="Y")*(N74<>N48)*(O74="Y")*(L74<>"")*(N74<>""))+((P74=P48)*(Q74="Y")*(R74<>R48)*(S74="Y")*(P74<>"")*(R74<>""))),0) | W74: =IFERROR(SUMPRODUCT(((E74="N")*(D74<>"")*(F74<>""))+((I74="N")*(H74<>"")*(J74<>""))+((M74="N")*(L74<>"")*(N74<>""))+((Q74="N")*(P74<>"")*(R74<>""))),0) | X74: =IFERROR(U74/4,0)
B75: ='📥 ข้อมูลนักเรียน'!B30 | C75: ='📥 ข้อมูลนักเรียน'!C30 | T75: =IFERROR(SUMPRODUCT(((D75=D48)*(E75="Y")*(F75=F48)*(G75="Y")*(D75<>"")*(F75<>""))+((H75=H48)*(I75="Y")*(J75=J48)*(K75="Y")*(H75<>"")*(J75<>""))+((L75=L48)*(M75="Y")*(N75=N48)*(O75="Y")*(L75<>"")*(N75<>""))+((P75=P48)*(Q75="Y")*(R75=R48)*(S75="Y")*(P75<>"")*(R75<>""))),0) | U75: =IFERROR(SUMPRODUCT(((D75<>D48)*(E75="Y")*(F75<>F48)*(G75="Y")*(D75<>"")*(F75<>""))+((H75<>H48)*(I75="Y")*(J75<>J48)*(K75="Y")*(H75<>"")*(J75<>""))+((L75<>L48)*(M75="Y")*(N75<>N48)*(O75="Y")*(L75<>"")*(N75<>""))+((P75<>P48)*(Q75="Y")*(R75<>R48)*(S75="Y")*(P75<>"")*(R75<>""))),0) | V75: =IFERROR(SUMPRODUCT(((D75=D48)*(E75="Y")*(F75<>F48)*(G75="Y")*(D75<>"")*(F75<>""))+((H75=H48)*(I75="Y")*(J75<>J48)*(K75="Y")*(H75<>"")*(J75<>""))+((L75=L48)*(M75="Y")*(N75<>N48)*(O75="Y")*(L75<>"")*(N75<>""))+((P75=P48)*(Q75="Y")*(R75<>R48)*(S75="Y")*(P75<>"")*(R75<>""))),0) | W75: =IFERROR(SUMPRODUCT(((E75="N")*(D75<>"")*(F75<>""))+((I75="N")*(H75<>"")*(J75<>""))+((M75="N")*(L75<>"")*(N75<>""))+((Q75="N")*(P75<>"")*(R75<>""))),0) | X75: =IFERROR(U75/4,0)
B76: ='📥 ข้อมูลนักเรียน'!B31 | C76: ='📥 ข้อมูลนักเรียน'!C31 | T76: =IFERROR(SUMPRODUCT(((D76=D48)*(E76="Y")*(F76=F48)*(G76="Y")*(D76<>"")*(F76<>""))+((H76=H48)*(I76="Y")*(J76=J48)*(K76="Y")*(H76<>"")*(J76<>""))+((L76=L48)*(M76="Y")*(N76=N48)*(O76="Y")*(L76<>"")*(N76<>""))+((P76=P48)*(Q76="Y")*(R76=R48)*(S76="Y")*(P76<>"")*(R76<>""))),0) | U76: =IFERROR(SUMPRODUCT(((D76<>D48)*(E76="Y")*(F76<>F48)*(G76="Y")*(D76<>"")*(F76<>""))+((H76<>H48)*(I76="Y")*(J76<>J48)*(K76="Y")*(H76<>"")*(J76<>""))+((L76<>L48)*(M76="Y")*(N76<>N48)*(O76="Y")*(L76<>"")*(N76<>""))+((P76<>P48)*(Q76="Y")*(R76<>R48)*(S76="Y")*(P76<>"")*(R76<>""))),0) | V76: =IFERROR(SUMPRODUCT(((D76=D48)*(E76="Y")*(F76<>F48)*(G76="Y")*(D76<>"")*(F76<>""))+((H76=H48)*(I76="Y")*(J76<>J48)*(K76="Y")*(H76<>"")*(J76<>""))+((L76=L48)*(M76="Y")*(N76<>N48)*(O76="Y")*(L76<>"")*(N76<>""))+((P76=P48)*(Q76="Y")*(R76<>R48)*(S76="Y")*(P76<>"")*(R76<>""))),0) | W76: =IFERROR(SUMPRODUCT(((E76="N")*(D76<>"")*(F76<>""))+((I76="N")*(H76<>"")*(J76<>""))+((M76="N")*(L76<>"")*(N76<>""))+((Q76="N")*(P76<>"")*(R76<>""))),0) | X76: =IFERROR(U76/4,0)
B77: ='📥 ข้อมูลนักเรียน'!B32 | C77: ='📥 ข้อมูลนักเรียน'!C32 | T77: =IFERROR(SUMPRODUCT(((D77=D48)*(E77="Y")*(F77=F48)*(G77="Y")*(D77<>"")*(F77<>""))+((H77=H48)*(I77="Y")*(J77=J48)*(K77="Y")*(H77<>"")*(J77<>""))+((L77=L48)*(M77="Y")*(N77=N48)*(O77="Y")*(L77<>"")*(N77<>""))+((P77=P48)*(Q77="Y")*(R77=R48)*(S77="Y")*(P77<>"")*(R77<>""))),0) | U77: =IFERROR(SUMPRODUCT(((D77<>D48)*(E77="Y")*(F77<>F48)*(G77="Y")*(D77<>"")*(F77<>""))+((H77<>H48)*(I77="Y")*(J77<>J48)*(K77="Y")*(H77<>"")*(J77<>""))+((L77<>L48)*(M77="Y")*(N77<>N48)*(O77="Y")*(L77<>"")*(N77<>""))+((P77<>P48)*(Q77="Y")*(R77<>R48)*(S77="Y")*(P77<>"")*(R77<>""))),0) | V77: =IFERROR(SUMPRODUCT(((D77=D48)*(E77="Y")*(F77<>F48)*(G77="Y")*(D77<>"")*(F77<>""))+((H77=H48)*(I77="Y")*(J77<>J48)*(K77="Y")*(H77<>"")*(J77<>""))+((L77=L48)*(M77="Y")*(N77<>N48)*(O77="Y")*(L77<>"")*(N77<>""))+((P77=P48)*(Q77="Y")*(R77<>R48)*(S77="Y")*(P77<>"")*(R77<>""))),0) | W77: =IFERROR(SUMPRODUCT(((E77="N")*(D77<>"")*(F77<>""))+((I77="N")*(H77<>"")*(J77<>""))+((M77="N")*(L77<>"")*(N77<>""))+((Q77="N")*(P77<>"")*(R77<>""))),0) | X77: =IFERROR(U77/4,0)
B78: ='📥 ข้อมูลนักเรียน'!B33 | C78: ='📥 ข้อมูลนักเรียน'!C33 | T78: =IFERROR(SUMPRODUCT(((D78=D48)*(E78="Y")*(F78=F48)*(G78="Y")*(D78<>"")*(F78<>""))+((H78=H48)*(I78="Y")*(J78=J48)*(K78="Y")*(H78<>"")*(J78<>""))+((L78=L48)*(M78="Y")*(N78=N48)*(O78="Y")*(L78<>"")*(N78<>""))+((P78=P48)*(Q78="Y")*(R78=R48)*(S78="Y")*(P78<>"")*(R78<>""))),0) | U78: =IFERROR(SUMPRODUCT(((D78<>D48)*(E78="Y")*(F78<>F48)*(G78="Y")*(D78<>"")*(F78<>""))+((H78<>H48)*(I78="Y")*(J78<>J48)*(K78="Y")*(H78<>"")*(J78<>""))+((L78<>L48)*(M78="Y")*(N78<>N48)*(O78="Y")*(L78<>"")*(N78<>""))+((P78<>P48)*(Q78="Y")*(R78<>R48)*(S78="Y")*(P78<>"")*(R78<>""))),0) | V78: =IFERROR(SUMPRODUCT(((D78=D48)*(E78="Y")*(F78<>F48)*(G78="Y")*(D78<>"")*(F78<>""))+((H78=H48)*(I78="Y")*(J78<>J48)*(K78="Y")*(H78<>"")*(J78<>""))+((L78=L48)*(M78="Y")*(N78<>N48)*(O78="Y")*(L78<>"")*(N78<>""))+((P78=P48)*(Q78="Y")*(R78<>R48)*(S78="Y")*(P78<>"")*(R78<>""))),0) | W78: =IFERROR(SUMPRODUCT(((E78="N")*(D78<>"")*(F78<>""))+((I78="N")*(H78<>"")*(J78<>""))+((M78="N")*(L78<>"")*(N78<>""))+((Q78="N")*(P78<>"")*(R78<>""))),0) | X78: =IFERROR(U78/4,0)
B79: ='📥 ข้อมูลนักเรียน'!B34 | C79: ='📥 ข้อมูลนักเรียน'!C34 | T79: =IFERROR(SUMPRODUCT(((D79=D48)*(E79="Y")*(F79=F48)*(G79="Y")*(D79<>"")*(F79<>""))+((H79=H48)*(I79="Y")*(J79=J48)*(K79="Y")*(H79<>"")*(J79<>""))+((L79=L48)*(M79="Y")*(N79=N48)*(O79="Y")*(L79<>"")*(N79<>""))+((P79=P48)*(Q79="Y")*(R79=R48)*(S79="Y")*(P79<>"")*(R79<>""))),0) | U79: =IFERROR(SUMPRODUCT(((D79<>D48)*(E79="Y")*(F79<>F48)*(G79="Y")*(D79<>"")*(F79<>""))+((H79<>H48)*(I79="Y")*(J79<>J48)*(K79="Y")*(H79<>"")*(J79<>""))+((L79<>L48)*(M79="Y")*(N79<>N48)*(O79="Y")*(L79<>"")*(N79<>""))+((P79<>P48)*(Q79="Y")*(R79<>R48)*(S79="Y")*(P79<>"")*(R79<>""))),0) | V79: =IFERROR(SUMPRODUCT(((D79=D48)*(E79="Y")*(F79<>F48)*(G79="Y")*(D79<>"")*(F79<>""))+((H79=H48)*(I79="Y")*(J79<>J48)*(K79="Y")*(H79<>"")*(J79<>""))+((L79=L48)*(M79="Y")*(N79<>N48)*(O79="Y")*(L79<>"")*(N79<>""))+((P79=P48)*(Q79="Y")*(R79<>R48)*(S79="Y")*(P79<>"")*(R79<>""))),0) | W79: =IFERROR(SUMPRODUCT(((E79="N")*(D79<>"")*(F79<>""))+((I79="N")*(H79<>"")*(J79<>""))+((M79="N")*(L79<>"")*(N79<>""))+((Q79="N")*(P79<>"")*(R79<>""))),0) | X79: =IFERROR(U79/4,0)
B80: ='📥 ข้อมูลนักเรียน'!B35 | C80: ='📥 ข้อมูลนักเรียน'!C35 | T80: =IFERROR(SUMPRODUCT(((D80=D48)*(E80="Y")*(F80=F48)*(G80="Y")*(D80<>"")*(F80<>""))+((H80=H48)*(I80="Y")*(J80=J48)*(K80="Y")*(H80<>"")*(J80<>""))+((L80=L48)*(M80="Y")*(N80=N48)*(O80="Y")*(L80<>"")*(N80<>""))+((P80=P48)*(Q80="Y")*(R80=R48)*(S80="Y")*(P80<>"")*(R80<>""))),0) | U80: =IFERROR(SUMPRODUCT(((D80<>D48)*(E80="Y")*(F80<>F48)*(G80="Y")*(D80<>"")*(F80<>""))+((H80<>H48)*(I80="Y")*(J80<>J48)*(K80="Y")*(H80<>"")*(J80<>""))+((L80<>L48)*(M80="Y")*(N80<>N48)*(O80="Y")*(L80<>"")*(N80<>""))+((P80<>P48)*(Q80="Y")*(R80<>R48)*(S80="Y")*(P80<>"")*(R80<>""))),0) | V80: =IFERROR(SUMPRODUCT(((D80=D48)*(E80="Y")*(F80<>F48)*(G80="Y")*(D80<>"")*(F80<>""))+((H80=H48)*(I80="Y")*(J80<>J48)*(K80="Y")*(H80<>"")*(J80<>""))+((L80=L48)*(M80="Y")*(N80<>N48)*(O80="Y")*(L80<>"")*(N80<>""))+((P80=P48)*(Q80="Y")*(R80<>R48)*(S80="Y")*(P80<>"")*(R80<>""))),0) | W80: =IFERROR(SUMPRODUCT(((E80="N")*(D80<>"")*(F80<>""))+((I80="N")*(H80<>"")*(J80<>""))+((M80="N")*(L80<>"")*(N80<>""))+((Q80="N")*(P80<>"")*(R80<>""))),0) | X80: =IFERROR(U80/4,0)
B81: ='📥 ข้อมูลนักเรียน'!B36 | C81: ='📥 ข้อมูลนักเรียน'!C36 | T81: =IFERROR(SUMPRODUCT(((D81=D48)*(E81="Y")*(F81=F48)*(G81="Y")*(D81<>"")*(F81<>""))+((H81=H48)*(I81="Y")*(J81=J48)*(K81="Y")*(H81<>"")*(J81<>""))+((L81=L48)*(M81="Y")*(N81=N48)*(O81="Y")*(L81<>"")*(N81<>""))+((P81=P48)*(Q81="Y")*(R81=R48)*(S81="Y")*(P81<>"")*(R81<>""))),0) | U81: =IFERROR(SUMPRODUCT(((D81<>D48)*(E81="Y")*(F81<>F48)*(G81="Y")*(D81<>"")*(F81<>""))+((H81<>H48)*(I81="Y")*(J81<>J48)*(K81="Y")*(H81<>"")*(J81<>""))+((L81<>L48)*(M81="Y")*(N81<>N48)*(O81="Y")*(L81<>"")*(N81<>""))+((P81<>P48)*(Q81="Y")*(R81<>R48)*(S81="Y")*(P81<>"")*(R81<>""))),0) | V81: =IFERROR(SUMPRODUCT(((D81=D48)*(E81="Y")*(F81<>F48)*(G81="Y")*(D81<>"")*(F81<>""))+((H81=H48)*(I81="Y")*(J81<>J48)*(K81="Y")*(H81<>"")*(J81<>""))+((L81=L48)*(M81="Y")*(N81<>N48)*(O81="Y")*(L81<>"")*(N81<>""))+((P81=P48)*(Q81="Y")*(R81<>R48)*(S81="Y")*(P81<>"")*(R81<>""))),0) | W81: =IFERROR(SUMPRODUCT(((E81="N")*(D81<>"")*(F81<>""))+((I81="N")*(H81<>"")*(J81<>""))+((M81="N")*(L81<>"")*(N81<>""))+((Q81="N")*(P81<>"")*(R81<>""))),0) | X81: =IFERROR(U81/4,0)
B82: ='📥 ข้อมูลนักเรียน'!B37 | C82: ='📥 ข้อมูลนักเรียน'!C37 | T82: =IFERROR(SUMPRODUCT(((D82=D48)*(E82="Y")*(F82=F48)*(G82="Y")*(D82<>"")*(F82<>""))+((H82=H48)*(I82="Y")*(J82=J48)*(K82="Y")*(H82<>"")*(J82<>""))+((L82=L48)*(M82="Y")*(N82=N48)*(O82="Y")*(L82<>"")*(N82<>""))+((P82=P48)*(Q82="Y")*(R82=R48)*(S82="Y")*(P82<>"")*(R82<>""))),0) | U82: =IFERROR(SUMPRODUCT(((D82<>D48)*(E82="Y")*(F82<>F48)*(G82="Y")*(D82<>"")*(F82<>""))+((H82<>H48)*(I82="Y")*(J82<>J48)*(K82="Y")*(H82<>"")*(J82<>""))+((L82<>L48)*(M82="Y")*(N82<>N48)*(O82="Y")*(L82<>"")*(N82<>""))+((P82<>P48)*(Q82="Y")*(R82<>R48)*(S82="Y")*(P82<>"")*(R82<>""))),0) | V82: =IFERROR(SUMPRODUCT(((D82=D48)*(E82="Y")*(F82<>F48)*(G82="Y")*(D82<>"")*(F82<>""))+((H82=H48)*(I82="Y")*(J82<>J48)*(K82="Y")*(H82<>"")*(J82<>""))+((L82=L48)*(M82="Y")*(N82<>N48)*(O82="Y")*(L82<>"")*(N82<>""))+((P82=P48)*(Q82="Y")*(R82<>R48)*(S82="Y")*(P82<>"")*(R82<>""))),0) | W82: =IFERROR(SUMPRODUCT(((E82="N")*(D82<>"")*(F82<>""))+((I82="N")*(H82<>"")*(J82<>""))+((M82="N")*(L82<>"")*(N82<>""))+((Q82="N")*(P82<>"")*(R82<>""))),0) | X82: =IFERROR(U82/4,0)
B83: ='📥 ข้อมูลนักเรียน'!B38 | C83: ='📥 ข้อมูลนักเรียน'!C38 | T83: =IFERROR(SUMPRODUCT(((D83=D48)*(E83="Y")*(F83=F48)*(G83="Y")*(D83<>"")*(F83<>""))+((H83=H48)*(I83="Y")*(J83=J48)*(K83="Y")*(H83<>"")*(J83<>""))+((L83=L48)*(M83="Y")*(N83=N48)*(O83="Y")*(L83<>"")*(N83<>""))+((P83=P48)*(Q83="Y")*(R83=R48)*(S83="Y")*(P83<>"")*(R83<>""))),0) | U83: =IFERROR(SUMPRODUCT(((D83<>D48)*(E83="Y")*(F83<>F48)*(G83="Y")*(D83<>"")*(F83<>""))+((H83<>H48)*(I83="Y")*(J83<>J48)*(K83="Y")*(H83<>"")*(J83<>""))+((L83<>L48)*(M83="Y")*(N83<>N48)*(O83="Y")*(L83<>"")*(N83<>""))+((P83<>P48)*(Q83="Y")*(R83<>R48)*(S83="Y")*(P83<>"")*(R83<>""))),0) | V83: =IFERROR(SUMPRODUCT(((D83=D48)*(E83="Y")*(F83<>F48)*(G83="Y")*(D83<>"")*(F83<>""))+((H83=H48)*(I83="Y")*(J83<>J48)*(K83="Y")*(H83<>"")*(J83<>""))+((L83=L48)*(M83="Y")*(N83<>N48)*(O83="Y")*(L83<>"")*(N83<>""))+((P83=P48)*(Q83="Y")*(R83<>R48)*(S83="Y")*(P83<>"")*(R83<>""))),0) | W83: =IFERROR(SUMPRODUCT(((E83="N")*(D83<>"")*(F83<>""))+((I83="N")*(H83<>"")*(J83<>""))+((M83="N")*(L83<>"")*(N83<>""))+((Q83="N")*(P83<>"")*(R83<>""))),0) | X83: =IFERROR(U83/4,0)
B84: สรุป Post แผน 1 | T84: =IFERROR(AVERAGE(T49:T83)*4,0) | U84: =IFERROR(AVERAGE(U49:U83)*4,0) | V84: =IFERROR(AVERAGE(V49:V83)*4,0) | W84: =IFERROR(AVERAGE(W49:W83)*4,0) | X84: =IFERROR(AVERAGE(X49:X83),0)
B86: ▌ แผนที่ 2 | คาบที่ 3–4 | Misconception: M4, M5 | ข้อที่ 5–8
B87: 📍 M4: ความถี่ขึ้นกับตัวกลาง | M5: คลื่นดลต่างที่ความถี่
B88: 🔵 PRE-test — ก่อนสอน (แผน 2 ข้อ 5–8)
B89: ที่ | C89: ชื่อนักเรียน | D89: ข้อ 5 | H89: ข้อ 6 | L89: ข้อ 7 | P89: ข้อ 8 | T89: Sound ✅ | U89: Misc ❌ | V89: Guess 🎲 | W89: NoK ❓ | X89: % Misc (Auto)
C90: ← กรอกเฉลย T1 และ T3 | D90: T1 (ก-ง) | E90: T2 (Y/N) | F90: T3 (ก-ง) | G90: T4 (Y/N) | H90: T1 (ก-ง) | I90: T2 (Y/N) | J90: T3 (ก-ง) | K90: T4 (Y/N) | L90: T1 (ก-ง) | M90: T2 (Y/N) | N90: T3 (ก-ง) | O90: T4 (Y/N) | P90: T1 (ก-ง) | Q90: T2 (Y/N) | R90: T3 (ก-ง) | S90: T4 (Y/N) | T90: — | U90: — | V90: — | W90: — | X90: —
B91: KEY | C91: ← กรอกเฉลยที่ถูกต้อง | E91: — | G91: — | I91: — | K91: — | M91: — | O91: — | Q91: — | S91: — | T91: — | U91: — | V91: — | W91: — | X91: —
B92: ='📥 ข้อมูลนักเรียน'!B4 | C92: ='📥 ข้อมูลนักเรียน'!C4 | T92: =IFERROR(SUMPRODUCT(((D92=D91)*(E92="Y")*(F92=F91)*(G92="Y")*(D92<>"")* (F92<>""))+((H92=H91)*(I92="Y")*(J92=J91)*(K92="Y")*(H92<>"")* (J92<>""))+((L92=L91)*(M92="Y")*(N92=N91)*(O92="Y")*(L92<>"")* (N92<>""))+((P92=P91)*(Q92="Y")*(R92=R91)*(S92="Y")*(P92<>"")* (R92<>""))),0) | U92: =IFERROR(SUMPRODUCT(((D92<>D91)*(E92="Y")*(F92<>F91)*(G92="Y")*(D92<>"")* (F92<>""))+((H92<>H91)*(I92="Y")*(J92<>J91)*(K92="Y")*(H92<>"")* (J92<>""))+((L92<>L91)*(M92="Y")*(N92<>N91)*(O92="Y")*(L92<>"")* (N92<>""))+((P92<>P91)*(Q92="Y")*(R92<>R91)*(S92="Y")*(P92<>"")* (R92<>""))),0) | V92: =IFERROR(SUMPRODUCT(((D92=D91)*(E92="Y")*(F92<>F91)*(G92="Y")*(D92<>"")* (F92<>""))+((H92=H91)*(I92="Y")*(J92<>J91)*(K92="Y")*(H92<>"")* (J92<>""))+((L92=L91)*(M92="Y")*(N92<>N91)*(O92="Y")*(L92<>"")* (N92<>""))+((P92=P91)*(Q92="Y")*(R92<>R91)*(S92="Y")*(P92<>"")* (R92<>""))),0) | W92: =IFERROR(SUMPRODUCT(((E92="N")*(D92<>"")* (F92<>""))+((I92="N")*(H92<>"")* (J92<>""))+((M92="N")*(L92<>"")* (N92<>""))+((Q92="N")*(P92<>"")* (R92<>""))),0) | X92: =IFERROR(U92/4,0)
B93: ='📥 ข้อมูลนักเรียน'!B5 | C93: ='📥 ข้อมูลนักเรียน'!C5 | T93: =IFERROR(SUMPRODUCT(((D93=D91)*(E93="Y")*(F93=F91)*(G93="Y")*(D93<>"")* (F93<>""))+((H93=H91)*(I93="Y")*(J93=J91)*(K93="Y")*(H93<>"")* (J93<>""))+((L93=L91)*(M93="Y")*(N93=N91)*(O93="Y")*(L93<>"")* (N93<>""))+((P93=P91)*(Q93="Y")*(R93=R91)*(S93="Y")*(P93<>"")* (R93<>""))),0) | U93: =IFERROR(SUMPRODUCT(((D93<>D91)*(E93="Y")*(F93<>F91)*(G93="Y")*(D93<>"")* (F93<>""))+((H93<>H91)*(I93="Y")*(J93<>J91)*(K93="Y")*(H93<>"")* (J93<>""))+((L93<>L91)*(M93="Y")*(N93<>N91)*(O93="Y")*(L93<>"")* (N93<>""))+((P93<>P91)*(Q93="Y")*(R93<>R91)*(S93="Y")*(P93<>"")* (R93<>""))),0) | V93: =IFERROR(SUMPRODUCT(((D93=D91)*(E93="Y")*(F93<>F91)*(G93="Y")*(D93<>"")* (F93<>""))+((H93=H91)*(I93="Y")*(J93<>J91)*(K93="Y")*(H93<>"")* (J93<>""))+((L93=L91)*(M93="Y")*(N93<>N91)*(O93="Y")*(L93<>"")* (N93<>""))+((P93=P91)*(Q93="Y")*(R93<>R91)*(S93="Y")*(P93<>"")* (R93<>""))),0) | W93: =IFERROR(SUMPRODUCT(((E93="N")*(D93<>"")* (F93<>""))+((I93="N")*(H93<>"")* (J93<>""))+((M93="N")*(L93<>"")* (N93<>""))+((Q93="N")*(P93<>"")* (R93<>""))),0) | X93: =IFERROR(U93/4,0)
B94: ='📥 ข้อมูลนักเรียน'!B6 | C94: ='📥 ข้อมูลนักเรียน'!C6 | T94: =IFERROR(SUMPRODUCT(((D94=D91)*(E94="Y")*(F94=F91)*(G94="Y")*(D94<>"")* (F94<>""))+((H94=H91)*(I94="Y")*(J94=J91)*(K94="Y")*(H94<>"")* (J94<>""))+((L94=L91)*(M94="Y")*(N94=N91)*(O94="Y")*(L94<>"")* (N94<>""))+((P94=P91)*(Q94="Y")*(R94=R91)*(S94="Y")*(P94<>"")* (R94<>""))),0) | U94: =IFERROR(SUMPRODUCT(((D94<>D91)*(E94="Y")*(F94<>F91)*(G94="Y")*(D94<>"")* (F94<>""))+((H94<>H91)*(I94="Y")*(J94<>J91)*(K94="Y")*(H94<>"")* (J94<>""))+((L94<>L91)*(M94="Y")*(N94<>N91)*(O94="Y")*(L94<>"")* (N94<>""))+((P94<>P91)*(Q94="Y")*(R94<>R91)*(S94="Y")*(P94<>"")* (R94<>""))),0) | V94: =IFERROR(SUMPRODUCT(((D94=D91)*(E94="Y")*(F94<>F91)*(G94="Y")*(D94<>"")* (F94<>""))+((H94=H91)*(I94="Y")*(J94<>J91)*(K94="Y")*(H94<>"")* (J94<>""))+((L94=L91)*(M94="Y")*(N94<>N91)*(O94="Y")*(L94<>"")* (N94<>""))+((P94=P91)*(Q94="Y")*(R94<>R91)*(S94="Y")*(P94<>"")* (R94<>""))),0) | W94: =IFERROR(SUMPRODUCT(((E94="N")*(D94<>"")* (F94<>""))+((I94="N")*(H94<>"")* (J94<>""))+((M94="N")*(L94<>"")* (N94<>""))+((Q94="N")*(P94<>"")* (R94<>""))),0) | X94: =IFERROR(U94/4,0)
B95: ='📥 ข้อมูลนักเรียน'!B7 | C95: ='📥 ข้อมูลนักเรียน'!C7 | T95: =IFERROR(SUMPRODUCT(((D95=D91)*(E95="Y")*(F95=F91)*(G95="Y")*(D95<>"")* (F95<>""))+((H95=H91)*(I95="Y")*(J95=J91)*(K95="Y")*(H95<>"")* (J95<>""))+((L95=L91)*(M95="Y")*(N95=N91)*(O95="Y")*(L95<>"")* (N95<>""))+((P95=P91)*(Q95="Y")*(R95=R91)*(S95="Y")*(P95<>"")* (R95<>""))),0) | U95: =IFERROR(SUMPRODUCT(((D95<>D91)*(E95="Y")*(F95<>F91)*(G95="Y")*(D95<>"")* (F95<>""))+((H95<>H91)*(I95="Y")*(J95<>J91)*(K95="Y")*(H95<>"")* (J95<>""))+((L95<>L91)*(M95="Y")*(N95<>N91)*(O95="Y")*(L95<>"")* (N95<>""))+((P95<>P91)*(Q95="Y")*(R95<>R91)*(S95="Y")*(P95<>"")* (R95<>""))),0) | V95: =IFERROR(SUMPRODUCT(((D95=D91)*(E95="Y")*(F95<>F91)*(G95="Y")*(D95<>"")* (F95<>""))+((H95=H91)*(I95="Y")*(J95<>J91)*(K95="Y")*(H95<>"")* (J95<>""))+((L95=L91)*(M95="Y")*(N95<>N91)*(O95="Y")*(L95<>"")* (N95<>""))+((P95=P91)*(Q95="Y")*(R95<>R91)*(S95="Y")*(P95<>"")* (R95<>""))),0) | W95: =IFERROR(SUMPRODUCT(((E95="N")*(D95<>"")* (F95<>""))+((I95="N")*(H95<>"")* (J95<>""))+((M95="N")*(L95<>"")* (N95<>""))+((Q95="N")*(P95<>"")* (R95<>""))),0) | X95: =IFERROR(U95/4,0)
B96: ='📥 ข้อมูลนักเรียน'!B8 | C96: ='📥 ข้อมูลนักเรียน'!C8 | T96: =IFERROR(SUMPRODUCT(((D96=D91)*(E96="Y")*(F96=F91)*(G96="Y")*(D96<>"")* (F96<>""))+((H96=H91)*(I96="Y")*(J96=J91)*(K96="Y")*(H96<>"")* (J96<>""))+((L96=L91)*(M96="Y")*(N96=N91)*(O96="Y")*(L96<>"")* (N96<>""))+((P96=P91)*(Q96="Y")*(R96=R91)*(S96="Y")*(P96<>"")* (R96<>""))),0) | U96: =IFERROR(SUMPRODUCT(((D96<>D91)*(E96="Y")*(F96<>F91)*(G96="Y")*(D96<>"")* (F96<>""))+((H96<>H91)*(I96="Y")*(J96<>J91)*(K96="Y")*(H96<>"")* (J96<>""))+((L96<>L91)*(M96="Y")*(N96<>N91)*(O96="Y")*(L96<>"")* (N96<>""))+((P96<>P91)*(Q96="Y")*(R96<>R91)*(S96="Y")*(P96<>"")* (R96<>""))),0) | V96: =IFERROR(SUMPRODUCT(((D96=D91)*(E96="Y")*(F96<>F91)*(G96="Y")*(D96<>"")* (F96<>""))+((H96=H91)*(I96="Y")*(J96<>J91)*(K96="Y")*(H96<>"")* (J96<>""))+((L96=L91)*(M96="Y")*(N96<>N91)*(O96="Y")*(L96<>"")* (N96<>""))+((P96=P91)*(Q96="Y")*(R96<>R91)*(S96="Y")*(P96<>"")* (R96<>""))),0) | W96: =IFERROR(SUMPRODUCT(((E96="N")*(D96<>"")* (F96<>""))+((I96="N")*(H96<>"")* (J96<>""))+((M96="N")*(L96<>"")* (N96<>""))+((Q96="N")*(P96<>"")* (R96<>""))),0) | X96: =IFERROR(U96/4,0)
B97: ='📥 ข้อมูลนักเรียน'!B9 | C97: ='📥 ข้อมูลนักเรียน'!C9 | T97: =IFERROR(SUMPRODUCT(((D97=D91)*(E97="Y")*(F97=F91)*(G97="Y")*(D97<>"")* (F97<>""))+((H97=H91)*(I97="Y")*(J97=J91)*(K97="Y")*(H97<>"")* (J97<>""))+((L97=L91)*(M97="Y")*(N97=N91)*(O97="Y")*(L97<>"")* (N97<>""))+((P97=P91)*(Q97="Y")*(R97=R91)*(S97="Y")*(P97<>"")* (R97<>""))),0) | U97: =IFERROR(SUMPRODUCT(((D97<>D91)*(E97="Y")*(F97<>F91)*(G97="Y")*(D97<>"")* (F97<>""))+((H97<>H91)*(I97="Y")*(J97<>J91)*(K97="Y")*(H97<>"")* (J97<>""))+((L97<>L91)*(M97="Y")*(N97<>N91)*(O97="Y")*(L97<>"")* (N97<>""))+((P97<>P91)*(Q97="Y")*(R97<>R91)*(S97="Y")*(P97<>"")* (R97<>""))),0) | V97: =IFERROR(SUMPRODUCT(((D97=D91)*(E97="Y")*(F97<>F91)*(G97="Y")*(D97<>"")* (F97<>""))+((H97=H91)*(I97="Y")*(J97<>J91)*(K97="Y")*(H97<>"")* (J97<>""))+((L97=L91)*(M97="Y")*(N97<>N91)*(O97="Y")*(L97<>"")* (N97<>""))+((P97=P91)*(Q97="Y")*(R97<>R91)*(S97="Y")*(P97<>"")* (R97<>""))),0) | W97: =IFERROR(SUMPRODUCT(((E97="N")*(D97<>"")* (F97<>""))+((I97="N")*(H97<>"")* (J97<>""))+((M97="N")*(L97<>"")* (N97<>""))+((Q97="N")*(P97<>"")* (R97<>""))),0) | X97: =IFERROR(U97/4,0)
B98: ='📥 ข้อมูลนักเรียน'!B10 | C98: ='📥 ข้อมูลนักเรียน'!C10 | T98: =IFERROR(SUMPRODUCT(((D98=D91)*(E98="Y")*(F98=F91)*(G98="Y")*(D98<>"")* (F98<>""))+((H98=H91)*(I98="Y")*(J98=J91)*(K98="Y")*(H98<>"")* (J98<>""))+((L98=L91)*(M98="Y")*(N98=N91)*(O98="Y")*(L98<>"")* (N98<>""))+((P98=P91)*(Q98="Y")*(R98=R91)*(S98="Y")*(P98<>"")* (R98<>""))),0) | U98: =IFERROR(SUMPRODUCT(((D98<>D91)*(E98="Y")*(F98<>F91)*(G98="Y")*(D98<>"")* (F98<>""))+((H98<>H91)*(I98="Y")*(J98<>J91)*(K98="Y")*(H98<>"")* (J98<>""))+((L98<>L91)*(M98="Y")*(N98<>N91)*(O98="Y")*(L98<>"")* (N98<>""))+((P98<>P91)*(Q98="Y")*(R98<>R91)*(S98="Y")*(P98<>"")* (R98<>""))),0) | V98: =IFERROR(SUMPRODUCT(((D98=D91)*(E98="Y")*(F98<>F91)*(G98="Y")*(D98<>"")* (F98<>""))+((H98=H91)*(I98="Y")*(J98<>J91)*(K98="Y")*(H98<>"")* (J98<>""))+((L98=L91)*(M98="Y")*(N98<>N91)*(O98="Y")*(L98<>"")* (N98<>""))+((P98=P91)*(Q98="Y")*(R98<>R91)*(S98="Y")*(P98<>"")* (R98<>""))),0) | W98: =IFERROR(SUMPRODUCT(((E98="N")*(D98<>"")* (F98<>""))+((I98="N")*(H98<>"")* (J98<>""))+((M98="N")*(L98<>"")* (N98<>""))+((Q98="N")*(P98<>"")* (R98<>""))),0) | X98: =IFERROR(U98/4,0)
B99: ='📥 ข้อมูลนักเรียน'!B11 | C99: ='📥 ข้อมูลนักเรียน'!C11 | T99: =IFERROR(SUMPRODUCT(((D99=D91)*(E99="Y")*(F99=F91)*(G99="Y")*(D99<>"")* (F99<>""))+((H99=H91)*(I99="Y")*(J99=J91)*(K99="Y")*(H99<>"")* (J99<>""))+((L99=L91)*(M99="Y")*(N99=N91)*(O99="Y")*(L99<>"")* (N99<>""))+((P99=P91)*(Q99="Y")*(R99=R91)*(S99="Y")*(P99<>"")* (R99<>""))),0) | U99: =IFERROR(SUMPRODUCT(((D99<>D91)*(E99="Y")*(F99<>F91)*(G99="Y")*(D99<>"")* (F99<>""))+((H99<>H91)*(I99="Y")*(J99<>J91)*(K99="Y")*(H99<>"")* (J99<>""))+((L99<>L91)*(M99="Y")*(N99<>N91)*(O99="Y")*(L99<>"")* (N99<>""))+((P99<>P91)*(Q99="Y")*(R99<>R91)*(S99="Y")*(P99<>"")* (R99<>""))),0) | V99: =IFERROR(SUMPRODUCT(((D99=D91)*(E99="Y")*(F99<>F91)*(G99="Y")*(D99<>"")* (F99<>""))+((H99=H91)*(I99="Y")*(J99<>J91)*(K99="Y")*(H99<>"")* (J99<>""))+((L99=L91)*(M99="Y")*(N99<>N91)*(O99="Y")*(L99<>"")* (N99<>""))+((P99=P91)*(Q99="Y")*(R99<>R91)*(S99="Y")*(P99<>"")* (R99<>""))),0) | W99: =IFERROR(SUMPRODUCT(((E99="N")*(D99<>"")* (F99<>""))+((I99="N")*(H99<>"")* (J99<>""))+((M99="N")*(L99<>"")* (N99<>""))+((Q99="N")*(P99<>"")* (R99<>""))),0) | X99: =IFERROR(U99/4,0)
B100: ='📥 ข้อมูลนักเรียน'!B12 | C100: ='📥 ข้อมูลนักเรียน'!C12 | T100: =IFERROR(SUMPRODUCT(((D100=D91)*(E100="Y")*(F100=F91)*(G100="Y")*(D100<>"")* (F100<>""))+((H100=H91)*(I100="Y")*(J100=J91)*(K100="Y")*(H100<>"")* (J100<>""))+((L100=L91)*(M100="Y")*(N100=N91)*(O100="Y")*(L100<>"")* (N100<>""))+((P100=P91)*(Q100="Y")*(R100=R91)*(S100="Y")*(P100<>"")* (R100<>""))),0) | U100: =IFERROR(SUMPRODUCT(((D100<>D91)*(E100="Y")*(F100<>F91)*(G100="Y")*(D100<>"")* (F100<>""))+((H100<>H91)*(I100="Y")*(J100<>J91)*(K100="Y")*(H100<>"")* (J100<>""))+((L100<>L91)*(M100="Y")*(N100<>N91)*(O100="Y")*(L100<>"")* (N100<>""))+((P100<>P91)*(Q100="Y")*(R100<>R91)*(S100="Y")*(P100<>"")* (R100<>""))),0) | V100: =IFERROR(SUMPRODUCT(((D100=D91)*(E100="Y")*(F100<>F91)*(G100="Y")*(D100<>"")* (F100<>""))+((H100=H91)*(I100="Y")*(J100<>J91)*(K100="Y")*(H100<>"")* (J100<>""))+((L100=L91)*(M100="Y")*(N100<>N91)*(O100="Y")*(L100<>"")* (N100<>""))+((P100=P91)*(Q100="Y")*(R100<>R91)*(S100="Y")*(P100<>"")* (R100<>""))),0) | W100: =IFERROR(SUMPRODUCT(((E100="N")*(D100<>"")* (F100<>""))+((I100="N")*(H100<>"")* (J100<>""))+((M100="N")*(L100<>"")* (N100<>""))+((Q100="N")*(P100<>"")* (R100<>""))),0) | X100: =IFERROR(U100/4,0)
B101: ='📥 ข้อมูลนักเรียน'!B13 | C101: ='📥 ข้อมูลนักเรียน'!C13 | T101: =IFERROR(SUMPRODUCT(((D101=D91)*(E101="Y")*(F101=F91)*(G101="Y")*(D101<>"")* (F101<>""))+((H101=H91)*(I101="Y")*(J101=J91)*(K101="Y")*(H101<>"")* (J101<>""))+((L101=L91)*(M101="Y")*(N101=N91)*(O101="Y")*(L101<>"")* (N101<>""))+((P101=P91)*(Q101="Y")*(R101=R91)*(S101="Y")*(P101<>"")* (R101<>""))),0) | U101: =IFERROR(SUMPRODUCT(((D101<>D91)*(E101="Y")*(F101<>F91)*(G101="Y")*(D101<>"")* (F101<>""))+((H101<>H91)*(I101="Y")*(J101<>J91)*(K101="Y")*(H101<>"")* (J101<>""))+((L101<>L91)*(M101="Y")*(N101<>N91)*(O101="Y")*(L101<>"")* (N101<>""))+((P101<>P91)*(Q101="Y")*(R101<>R91)*(S101="Y")*(P101<>"")* (R101<>""))),0) | V101: =IFERROR(SUMPRODUCT(((D101=D91)*(E101="Y")*(F101<>F91)*(G101="Y")*(D101<>"")* (F101<>""))+((H101=H91)*(I101="Y")*(J101<>J91)*(K101="Y")*(H101<>"")* (J101<>""))+((L101=L91)*(M101="Y")*(N101<>N91)*(O101="Y")*(L101<>"")* (N101<>""))+((P101=P91)*(Q101="Y")*(R101<>R91)*(S101="Y")*(P101<>"")* (R101<>""))),0) | W101: =IFERROR(SUMPRODUCT(((E101="N")*(D101<>"")* (F101<>""))+((I101="N")*(H101<>"")* (J101<>""))+((M101="N")*(L101<>"")* (N101<>""))+((Q101="N")*(P101<>"")* (R101<>""))),0) | X101: =IFERROR(U101/4,0)
...

Sheet 📝 Four-tier กรอก
B1: 📝 กรอกคำตอบ Four-tier | T1,T3: ก/ข/ค/ง | T2,T4: Y=มั่นใจ / N=ไม่มั่นใจ
B2: เฉลย (T1 & T3)
B3: 🔵 Pre-test — กรอกคำตอบ Tier 1–4 ของนักเรียนแต่ละคน
B4: ที่ | C4: ชื่อนักเรียน | D4: ข้อ 1 | H4: ข้อ 2 | L4: ข้อ 3 | P4: ข้อ 4 | T4: ข้อ 5 | X4: ข้อ 6 | AB4: ข้อ 7 | AF4: ข้อ 8 | AJ4: ข้อ 9 | AN4: ข้อ 10 | AR4: ข้อ 11 | AV4: ข้อ 12 | AZ4: ข้อ 13 | BD4: ข้อ 14 | BH4: ข้อ 15 | BL4: ข้อ 16 | BP4: ข้อ 17 | BT4: ข้อ 18 | BX4: ข้อ 19 | CB4: ข้อ 20
B5: ที่ | C5: ชื่อนักเรียน | D5: T1 คำตอบ | E5: T2 มั่นใจ | F5: T3 เหตุผล | G5: T4 มั่นใจ | H5: T1 คำตอบ | I5: T2 มั่นใจ | J5: T3 เหตุผล | K5: T4 มั่นใจ | L5: T1 คำตอบ | M5: T2 มั่นใจ | N5: T3 เหตุผล | O5: T4 มั่นใจ | P5: T1 คำตอบ | Q5: T2 มั่นใจ | R5: T3 เหตุผล | S5: T4 มั่นใจ | T5: T1 คำตอบ | U5: T2 มั่นใจ | V5: T3 เหตุผล | W5: T4 มั่นใจ | X5: T1 คำตอบ | Y5: T2 มั่นใจ | Z5: T3 เหตุผล | AA5: T4 มั่นใจ | AB5: T1 คำตอบ | AC5: T2 มั่นใจ | AD5: T3 เหตุผล | AE5: T4 มั่นใจ | AF5: T1 คำตอบ | AG5: T2 มั่นใจ | AH5: T3 เหตุผล | AI5: T4 มั่นใจ | AJ5: T1 คำตอบ | AK5: T2 มั่นใจ | AL5: T3 เหตุผล | AM5: T4 มั่นใจ | AN5: T1 คำตอบ | AO5: T2 มั่นใจ | AP5: T3 เหตุผล | AQ5: T4 มั่นใจ | AR5: T1 คำตอบ | AS5: T2 มั่นใจ | AT5: T3 เหตุผล | AU5: T4 มั่นใจ | AV5: T1 คำตอบ | AW5: T2 มั่นใจ | AX5: T3 เหตุผล | AY5: T4 มั่นใจ | AZ5: T1 คำตอบ | BA5: T2 มั่นใจ | BB5: T3 เหตุผล | BC5: T4 มั่นใจ | BD5: T1 คำตอบ | BE5: T2 มั่นใจ | BF5: T3 เหตุผล | BG5: T4 มั่นใจ | BH5: T1 คำตอบ | BI5: T2 มั่นใจ | BJ5: T3 เหตุผล | BK5: T4 มั่นใจ | BL5: T1 คำตอบ | BM5: T2 มั่นใจ | BN5: T3 เหตุผล | BO5: T4 มั่นใจ | BP5: T1 คำตอบ | BQ5: T2 มั่นใจ | BR5: T3 เหตุผล | BS5: T4 มั่นใจ | BT5: T1 คำตอบ | BU5: T2 มั่นใจ | BV5: T3 เหตุผล | BW5: T4 มั่นใจ | BX5: T1 คำตอบ | BY5: T2 มั่นใจ | BZ5: T3 เหตุผล | CA5: T4 มั่นใจ | CB5: T1 คำตอบ | CC5: T2 มั่นใจ | CD5: T3 เหตุผล | CE5: T4 มั่นใจ
B6: KEY | C6: ← กรอกเฉลยที่ถูกต้อง (T1 & T3) | D6: ข | E6: - | F6: 3 | G6: - | H6: ก | I6: - | J6: 4 | K6: - | L6: ค | M6: - | N6: 1 | O6: - | P6: ง | Q6: - | R6: 2 | S6: - | T6: ข | U6: - | V6: 4 | W6: - | X6: ค | Y6: - | Z6: 2 | AA6: - | AB6: ก | AC6: - | AD6: 3 | AE6: - | AF6: ง | AG6: - | AH6: 1 | AI6: - | AJ6: ข | AK6: - | AL6: 1 | AM6: - | AN6: ก | AO6: - | AP6: 3 | AQ6: - | AR6: ค | AS6: - | AT6: 4 | AU6: - | AV6: ง | AW6: - | AX6: 2 | AY6: - | AZ6: ข | BA6: - | BB6: 3 | BC6: - | BD6: ค | BE6: - | BF6: 1 | BG6: - | BH6: ก | BI6: - | BJ6: 4 | BK6: - | BL6: ง | BM6: - | BN6: 2 | BO6: - | BP6: ข | BQ6: - | BR6: 4 | BS6: - | BT6: ค | BU6: - | BV6: 2 | BW6: - | BX6: ก | BY6: - | BZ6: 3 | CA6: - | CB6: ง | CC6: - | CD6: 1 | CE6: -
B7: ='📥 ข้อมูลนักเรียน'!B4 | C7: ='📥 ข้อมูลนักเรียน'!C4
B8: ='📥 ข้อมูลนักเรียน'!B5 | C8: ='📥 ข้อมูลนักเรียน'!C5
B9: ='📥 ข้อมูลนักเรียน'!B6 | C9: ='📥 ข้อมูลนักเรียน'!C6
B10: ='📥 ข้อมูลนักเรียน'!B7 | C10: ='📥 ข้อมูลนักเรียน'!C7
B11: ='📥 ข้อมูลนักเรียน'!B8 | C11: ='📥 ข้อมูลนักเรียน'!C8
B12: ='📥 ข้อมูลนักเรียน'!B9 | C12: ='📥 ข้อมูลนักเรียน'!C9
B13: ='📥 ข้อมูลนักเรียน'!B10 | C13: ='📥 ข้อมูลนักเรียน'!C10
B14: ='📥 ข้อมูลนักเรียน'!B11 | C14: ='📥 ข้อมูลนักเรียน'!C11
B15: ='📥 ข้อมูลนักเรียน'!B12 | C15: ='📥 ข้อมูลนักเรียน'!C12
B16: ='📥 ข้อมูลนักเรียน'!B13 | C16: ='📥 ข้อมูลนักเรียน'!C13
B17: ='📥 ข้อมูลนักเรียน'!B14 | C17: ='📥 ข้อมูลนักเรียน'!C14
B18: ='📥 ข้อมูลนักเรียน'!B15 | C18: ='📥 ข้อมูลนักเรียน'!C15
... B46: ='📥 ข้อมูลนักเรียน'!B43 | C46: ='📥 ข้อมูลนักเรียน'!C43
B48: 🟢 Post-test — กรอกคำตอบ Tier 1–4 ของนักเรียนแต่ละคน
B49: ที่ | C49: ชื่อนักเรียน | D49: ข้อ 1 | H49: ข้อ 2 | L49: ข้อ 3 | P49: ข้อ 4 | T49: ข้อ 5 | X49: ข้อ 6 | AB49: ข้อ 7 | AF49: ข้อ 8 | AJ49: ข้อ 9 | AN49: ข้อ 10 | AR49: ข้อ 11 | AV49: ข้อ 12 | AZ49: ข้อ 13 | BD49: ข้อ 14 | BH49: ข้อ 15 | BL49: ข้อ 16 | BP49: ข้อ 17 | BT49: ข้อ 18 | BX49: ข้อ 19 | CB49: ข้อ 20
B50: ที่ | C50: ชื่อนักเรียน | D50: T1 คำตอบ | E50: T2 มั่นใจ | F50: T3 เหตุผล | G50: T4 มั่นใจ | H50: T1 คำตอบ | I50: T2 มั่นใจ | J50: T3 เหตุผล | K50: T4 มั่นใจ | L50: T1 คำตอบ | M50: T2 มั่นใจ | N50: T3 เหตุผล | O50: T4 มั่นใจ | P50: T1 คำตอบ | Q50: T2 มั่นใจ | R50: T3 เหตุผล | S50: T4 มั่นใจ | T50: T1 คำตอบ | U50: T2 มั่นใจ | V50: T3 เหตุผล | W50: T4 มั่นใจ | X50: T1 คำตอบ | Y50: T2 มั่นใจ | Z50: T3 เหตุผล | AA50: T4 มั่นใจ | AB50: T1 คำตอบ | AC50: T2 มั่นใจ | AD50: T3 เหตุผล | AE50: T4 มั่นใจ | AF50: T1 คำตอบ | AG50: T2 มั่นใจ | AH50: T3 เหตุผล | AI50: T4 มั่นใจ | AJ50: T1 คำตอบ | AK50: T2 มั่นใจ | AL50: T3 เหตุผล | AM50: T4 มั่นใจ | AN50: T1 คำตอบ | AO50: T2 มั่นใจ | AP50: T3 เหตุผล | AQ50: T4 มั่นใจ | AR50: T1 คำตอบ | AS50: T2 มั่นใจ | AT50: T3 เหตุผล | AU50: T4 มั่นใจ | AV50: T1 คำตอบ | AW50: T2 มั่นใจ | AX50: T3 เหตุผล | AY50: T4 มั่นใจ | AZ50: T1 คำตอบ | BA50: T2 มั่นใจ | BB50: T3 เหตุผล | BC50: T4 มั่นใจ | BD50: T1 คำตอบ | BE50: T2 มั่นใจ | BF50: T3 เหตุผล | BG50: T4 มั่นใจ | BH50: T1 คำตอบ | BI50: T2 มั่นใจ | BJ50: T3 เหตุผล | BK50: T4 มั่นใจ | BL50: T1 คำตอบ | BM50: T2 มั่นใจ | BN50: T3 เหตุผล | BO50: T4 มั่นใจ | BP50: T1 คำตอบ | BQ50: T2 มั่นใจ | BR50: T3 เหตุผล | BS50: T4 มั่นใจ | BT50: T1 คำตอบ | BU50: T2 มั่นใจ | BV50: T3 เหตุผล | BW50: T4 มั่นใจ | BX50: T1 คำตอบ | BY50: T2 มั่นใจ | BZ50: T3 เหตุผล | CA50: T4 มั่นใจ | CB50: T1 คำตอบ | CC50: T2 มั่นใจ | CD50: T3 เหตุผล | CE50: T4 มั่นใจ
B51: KEY | C51: ← กรอกเฉลยที่ถูกต้อง (T1 & T3) | D51: ข | E51: - | F51: 3 | G51: - | H51: ก | I51: - | J51: 4 | K51: - | L51: ค | M51: - | N51: 1 | O51: - | P51: ง | Q51: - | R51: 2 | S51: - | T51: ข | U51: - | V51: 4 | W51: - | X51: ค | Y51: - | Z51: 2 | AA51: - | AB51: ก | AC51: - | AD51: 3 | AE51: - | AF51: ง | AG51: - | AH51: 1 | AI51: - | AJ51: ข | AK51: - | AL51: 1 | AM51: - | AN51: ก | AO51: - | AP51: 3 | AQ51: - | AR51: ค | AS51: - | AT51: 4 | AU51: - | AV51: ง | AW51: - | AX51: 2 | AY51: - | AZ51: ข | BA51: - | BB51: 3 | BC51: - | BD51: ค | BE51: - | BF51: 1 | BG51: - | BH51: ก | BI51: - | BJ51: 4 | BK51: - | BL51: ง | BM51: - | BN51: 2 | BO51: - | BP51: ข | BQ51: - | BR51: 4 | BS51: - | BT51: ค | BU51: - | BV51: 2 | BW51: - | BX51: ก | BY51: - | BZ51: 3 | CA51: - | CB51: ง | CC51: - | CD51: 1 | CE51: -
B52: ='📥 ข้อมูลนักเรียน'!B4 | C52: ='📥 ข้อมูลนักเรียน'!C4
B53: ='📥 ข้อมูลนักเรียน'!B5 | C53: ='📥 ข้อมูลนักเรียน'!C5
B54: ='📥 ข้อมูลนักเรียน'!B6 | C54: ='📥 ข้อมูลนักเรียน'!C6
B55: ='📥 ข้อมูลนักเรียน'!B7 | C55: ='📥 ข้อมูลนักเรียน'!C7
B56: ='📥 ข้อมูลนักเรียน'!B8 | C56: ='📥 ข้อมูลนักเรียน'!C8
B57: ='📥 ข้อมูลนักเรียน'!B9 | C57: ='📥 ข้อมูลนักเรียน'!C9
B58: ='📥 ข้อมูลนักเรียน'!B10 | C58: ='📥 ข้อมูลนักเรียน'!C10
B59: ='📥 ข้อมูลนักเรียน'!B11 | C59: ='📥 ข้อมูลนักเรียน'!C11
B60: ='📥 ข้อมูลนักเรียน'!B12 | C60: ='📥 ข้อมูลนักเรียน'!C12
B61: ='📥 ข้อมูลนักเรียน'!B13 | C61: ='📥 ข้อมูลนักเรียน'!C13
B62: ='📥 ข้อมูลนักเรียน'!B14 | C62: ='📥 ข้อมูลนักเรียน'!C14
B63: ='📥 ข้อมูลนักเรียน'!B15 | C63: ='📥 ข้อมูลนักเรียน'!C15
... B91: ='📥 ข้อมูลนักเรียน'!B43 | C91: ='📥 ข้อมูลนักเรียน'!C43

Sheet 🤖 Four-tier วิเคราะห์
B1: 🤖 Auto-classify Four-tier Response Pattern (คำนวณอัตโนมัติ)
B3: 🔵 Pre-test — ผลการจำแนก (Auto)
B4: ที่ | C4: ชื่อนักเรียน | D4: ข้อ 1 | E4: ข้อ 2 | F4: ข้อ 3 | G4: ข้อ 4 | H4: ข้อ 5 | I4: ข้อ 6 | J4: ข้อ 7 | K4: ข้อ 8 | L4: ข้อ 9 | M4: ข้อ 10 | N4: ข้อ 11 | O4: ข้อ 12 | P4: ข้อ 13 | Q4: ข้อ 14 | R4: ข้อ 15 | S4: ข้อ 16 | T4: ข้อ 17 | U4: ข้อ 18 | V4: ข้อ 19 | W4: ข้อ 20 | X4: Sound ✅ | Y4: Misc. ❌ | Z4: Guess 🎲 | AA4: NoK ❓
B5: ='📝 Four-tier กรอก'!B7 | C5: ='📝 Four-tier กรอก'!C7 | D5: =IF(OR('📝 Four-tier กรอก'!D7="",'📝 Four-tier กรอก'!F7=""),"—",IF(AND('📝 Four-tier กรอก'!D7='📝 Four-tier กรอก'!D6,'📝 Four-tier กรอก'!E7="Y",'📝 Four-tier กรอก'!F7='📝 Four-tier กรอก'!F6,'📝 Four-tier กรอก'!G7="Y"),"✅ Sound",IF(AND('📝 Four-tier กรอก'!D7='📝 Four-tier กรอก'!D6,'📝 Four-tier กรอก'!E7="Y",'📝 Four-tier กรอก'!F7<>'📝 Four-tier กรอก'!F6,'📝 Four-tier กรอก'!G7="Y"),"🎲 Guess",IF(AND('📝 Four-tier กรอก'!D7<>'📝 Four-tier กรอก'!D6,'📝 Four-tier กรอก'!E7="Y",'📝 Four-tier กรอก'!F7<>'📝 Four-tier กรอก'!F6,'📝 Four-tier กรอก'!G7="Y"),"❌ Misc.",IF(AND('📝 Four-tier กรอก'!D7<>'📝 Four-tier กรอก'!D6,'📝 Four-tier กรอก'!E7="N",'📝 Four-tier กรอก'!F7<>'📝 Four-tier กรอก'!F6,'📝 Four-tier กรอก'!G7="N"),"❓ NoK","🤔 Partial"))))) | E5: =IF(OR('📝 Four-tier กรอก'!H7="",'📝 Four-tier กรอก'!J7=""),"—",IF(AND('📝 Four-tier กร | F5: =IF(OR('📝 Four-tier กรอก'!L7="",'📝 Four-tier กรอก'!N7=""),"—",IF(AND('📝 Four-tier กรอก'!L7='📝 Four-tier กรอก'!L6,'📝 Four-tier กรอก'!M7="Y",'📝 Four-tier กรอก'!N7='📝 Four-tier กรอก'!N6,'📝 Four-tier กรอก'!O7="Y"),"✅ Sound",IF(AND('📝 Four-tier กรอก'!L7='📝 Four-tier กรอก'!L6,'📝 Four-tier กรอก'!M7="Y",'📝 Four-tier กรอก'!N7<>'📝 Four-tier กรอก'!N6,'📝 Four-tier กรอก'!O7="Y"),"🎲 Guess",IF(AND('📝 Four-tier กรอก'!L7<>'📝 Four-tier กรอก'!L6,'📝 Four-tier กรอก'!M7="Y",'📝 Four-tier กรอก'!N7<>'📝 Four-tier กรอก'!N6,'📝 Four-tier กรอก'!O7="Y"),"❌ Misc.",IF(AND('📝 Four-tier กรอก'!L7<>'📝 Four-tier กรอก'!L6,'📝 Four-tier กรอก'!M7="N",'📝 Four-tier กรอก'!N7<>'📝 Four-tier กรอก'!N6,'📝 Four-tier กรอก'!O7="N"),"❓ NoK","🤔 Partial"))))) | G5: =IF(OR('📝 Four-tier กรอก'!P7="",'📝 Four-tier กรอก'!R7=""),"—",IF(AND('📝 Four-tier กรอก'!P7='📝 Four-tier กรอก'!P6,'📝 Four-tier กรอก'!Q7="Y",'📝 Four-tier กรอก'!R7='📝 Four-tier กรอก'!R6,'📝 Four-tier กรอก'!S7="Y"),"✅ Sound",IF(AND('📝 Four-tier กรอก'!P7='📝 Four-tier กรอก'!P6,'📝 Four-tier กรอก'!Q7="Y",'📝 Four-tier กรอก'!R7<>'📝 Four-tier กรอก'!R6,'📝 Four-tier กรอก'!S7="Y"),"🎲 Guess",IF(AND('📝 Four-tier กรอก'!P7<>'📝 Four-tier กรอก'!P6,'📝 Four-tier กรอก'!Q7="Y",'📝 Four-tier กรอก'!R7<>'📝 Four-tier กรอก'!R6,'📝 Four-tier กรอก'!S7="Y"),"❌ Misc.",IF(AND('📝 Four-tier กรอก'!P7<>'📝 Four-tier กรอก'!P6,'📝 Four-tier กรอก'!Q7="N",'📝 Four-tier กรอก'!R7<>'📝 Four-tier กรอก'!R6,'📝 Four-tier กรอก'!S7="N"),"❓ NoK","🤔 Partial"))))) | H5: =IF(OR('📝 Four-tier กรอก'!T7="",'📝 Four-tier กรอก'!V7=""),"—",IF(AND('📝 Four-tier กรอก'!T7='📝 Four-tier กรอก'!T6,'📝 Four-tier กรอก'!U7="Y",'📝 Four-tier กรอก'!V7='📝 Four-tier กรอก'!V6,'📝 Four-tier กรอก'!W7="Y"),"✅ Sound",IF(AND('📝 Four-tier กรอก'!T7='📝 Four-tier กรอก'!T6,'📝 Four-tier กรอก'!U7="Y",'📝 Four-tier กรอก'!V7<>'📝 Four-tier กรอก'!V6,'📝 Four-tier กรอก'!W7="Y"),"🎲 Guess",IF(AND('📝 Four-tier กรอก'!T7<>'📝 Four-tier กรอก'!T6,'📝 Four-tier กรอก'!U7="Y",'📝 Four-tier กรอก'!V7<>'📝 Four-tier กรอก'!V6,'📝 Four-tier กรอก'!W7="Y"),"❌ Misc.",IF(AND('📝 Four-tier กรอก'!T7<>'📝 Four-tier กรอก'!T6,'📝 Four-tier กรอก'!U7="N",'📝 Four-tier กรอก'!V7<>'📝 Four-tier กรอก'!V6,'📝 Four-tier กรอก'!W7="N"),"❓ NoK","🤔 Partial"))))) | I5: =IF(OR('📝 Four-tier กรอก'!X7="",'📝 Four-tier กรอก'!Z7=""),"—",IF(AND('📝 Four-tier กรอก'!X7='📝 Four-tier กรอก'!X6,'📝 Four-tier กรอก'!Y7="Y",'📝 Four-tier กรอก'!Z7='📝 Four-tier กรอก'!Z6,'📝 Four-tier กรอก'!AA7="Y"),"✅ Sound",IF(AND('📝 Four-tier กรอก'!X7='📝 Four-tier กรอก'!X6,'📝 Four-tier กรอก'!Y7="Y",'📝 Four-tier กรอก'!Z7<>'📝 Four-tier กรอก'!Z6,'📝 Four-tier กรอก'!AA7="Y"),"🎲 Guess",IF(AND('📝 Four-tier กรอก'!X7<>'📝 Four-tier กรอก'!X6,'📝 Four-tier กรอก'!Y7="Y",'📝 Four-tier กรอก'!Z7<>'📝 Four-tier กรอก'!Z6,'📝 Four-tier กรอก'!AA7="Y"),"❌ Misc.",IF(AND('📝 Four-tier กรอก'!X7<>'📝 Four-tier กรอก'!X6,'📝 Four-tier กรอก'!Y7="N",'📝 Four-tier กรอก'!Z7<>'📝 Four-tier กรอก'!Z6,'📝 Four-tier กรอก'!AA7="N"),"❓ NoK","🤔 Partial"))))) | J5: =IF(OR('📝 Four-tier กรอก'!AB7="",'📝 Four-tier กรอก'!AD7=""),"—",IF(AND('📝 Four-tier กรอก'!AB7='📝 Four-tier กรอก'!AB6,'📝 Four-tier กรอก'!AC7="Y",'📝 Four-tier กรอก'!AD7='📝 Four-tier กรอก'!AD6,'📝 Four-tier กรอก'!AE7="Y"),"✅ Sound",IF(AND('📝 Four-tier กรอก'!AB7='📝 Four-tier กรอก'!AB6,'📝 Four-tier กรอก'!AC7="Y",'📝 Four-tier กรอก'!AD7<>'📝 Four-tier กรอก'!AD6,'📝 Four-tier กรอก'!AE7="Y"),"🎲 Guess",IF(AND('📝 Four-tier กรอก'!AB7<>'📝 Four-tier กรอก'!AB6,'📝 Four-tier กรอก'!AC7="Y",'📝 Four-tier กรอก'!AD7<>'📝 Four-tier กรอก'!AD6,'📝 Four-tier กรอก'!AE7="Y"),"❌ Misc.",IF(AND('📝 Four-tier กรอก'!AB7<>'📝 Four-tier กรอก'!AB6,'📝 Four-tier กรอก'!AC7="N",'📝 Four-tier กรอก'!AD7<>'📝 Four-tier กรอก'!AD6,'📝 Four-tier กรอก'!AE7="N"),"❓ NoK","🤔 Partial"))))) | K5: =IF(OR('📝 Four-tier กรอก'!AF7="",'📝 Four-tier กรอก'!AH7=""),"—",IF(AND('📝 Four-tier กรอก'!AF7='📝 Four-tier กรอก'!AF6,'📝 Four-tier กรอก'!AG7="Y",'📝 Four-tier กรอก'!AH7='📝 Four-tier กรอก'!AH6,'📝 Four-tier กรอก'!AI7="Y"),"✅ Sound",IF(AND('📝 Four-tier กรอก'!AF7='📝 Four-tier กรอก'!AF6,'📝 Four-tier กรอก'!AG7="Y",'📝 Four-tier กรอก'!AH7<>'📝 Four-tier กรอก'!AH6,'📝 Four-tier กรอก'!AI7="Y"),"🎲 Guess",IF(AND('📝 Four-tier กรอก'!AF7<>'📝 Four-tier กรอก'!AF6,'📝 Four-tier กรอก'!AG7="Y",'📝 Four-tier กรอก'!AH7<>'📝 Four-tier กรอก'!AH6,'📝 Four-tier กรอก'!AI7="Y"),"❌ Misc.",IF(AND('📝 Four-tier กรอก'!AF7<>'📝 Four-tier กรอก'!AF6,'📝 Four-tier กรอก'!AG7="N",'📝 Four-tier กรอก'!AH7<>'📝 Four-tier กรอก'!AH6,'📝 Four-tier กรอก'!AI7="N"),"❓ NoK","🤔 Partial"))))) | L5: =IF(OR('📝 Four-tier กรอก'!AJ7="",'📝 Four-tier กรอก'!AL7=""),"—",IF(AND('📝 Four-tier กรอก'!AJ7='📝 Four-tier กรอก'!AJ6,'📝 Four-tier กรอก'!AK7="Y",'📝 Four-tier กรอก'!AL7='📝 Four-tier กรอก'!AL6,'📝 Four-tier กรอก'!AM7="Y"),"✅ Sound",IF(AND('📝 Four-tier กรอก'!AJ7='📝 Four-tier กรอก'!AJ6,'📝 Four-tier กรอก'!AK7="Y",'📝 Four-tier กรอก'!AL7<>'📝 Four-tier กรอก'!AL6,'📝 Four-tier กรอก'!AM7="Y"),"🎲 Guess",IF(AND('📝 Four-tier กรอก'!AJ7<>'📝 Four-tier กรอก'!AJ6,'📝 Four-tier กรอก'!AK7="Y",'📝 Four-tier กรอก'!AL7<>'📝 Four-tier กรอก'!AL6,'📝 Four-tier กรอก'!AM7="Y"),"❌ Misc.",IF(AND('📝 Four-tier กรอก'!AJ7<>'📝 Four-tier กรอก'!AJ6,'📝 Four-tier กรอก'!AK7="N",'📝 Four-tier กรอก'!AL7<>'📝 Four-tier กรอก'!AL6,'📝 Four-tier กรอก'!AM7="N"),"❓ NoK","🤔 Partial"))))) | M5: =IF(OR('📝 Four-tier กรอก'!AN7="",'📝 Four-tier กรอก'!AP7=""),"—",IF(AND('📝 Four-tier กรอก'!AN7='📝 Four-tier กรอก'!AN6,'📝 Four-tier กรอก'!AO7="Y",'📝 Four-tier กรอก'!AP7='📝 Four-tier กรอก'!AP6,'📝 Four-tier กรอก'!AQ7="Y"),"✅ Sound",IF(AND('📝 Four-tier กรอก'!AN7='📝 Four-tier กรอก'!AN6,'📝 Four-tier กรอก'!AO7="Y",'📝 Four-tier กรอก'!AP7<>'📝 Four-tier กรอก'!AP6,'📝 Four-tier กรอก'!AQ7="Y"),"🎲 Guess",IF(AND('📝 Four-tier กรอก'!AN7<>'📝 Four-tier กรอก'!AN6,'📝 Four-tier กรอก'!AO7="Y",'📝 Four-tier กรอก'!AP7<>'📝 Four-tier กรอก'!AP6,'📝 Four-tier กรอก'!AQ7="Y"),"❌ Misc.",IF(AND('📝 Four-tier กรอก'!AN7<>'📝 Four-tier กรอก'!AN6,'📝 Four-tier กรอก'!AO7="N",'📝 Four-tier กรอก'!AP7<>'📝 Four-tier กรอก'!AP6,'📝 Four-tier กรอก'!AQ7="N"),"❓ NoK","🤔 Partial"))))) | N5: =IF(OR('📝 Four-tier กรอก'!AR7="",'📝 Four-tier กรอก'!AT7=""),"—",IF(AND('📝 Four-tier กรอก'!AR7='📝 Four-tier กรอก'!AR6,'📝 Four-tier กรอก'!AS7="Y",'📝 Four-tier กรอก'!AT7='📝 Four-tier กรอก'!AT6,'📝 Four-tier กรอก'!AU7="Y"),"✅ Sound",IF(AND('📝 Four-tier กรอก'!AR7='📝 Four-tier กรอก'!AR6,'📝 Four-tier กรอก'!AS7="Y",'📝 Four-tier กรอก'!AT7<>'📝 Four-tier กรอก'!AT6,'📝 Four-tier กรอก'!AU7="Y"),"🎲 Guess",IF(AND('📝 Four-tier กรอก'!AR7<>'📝 Four-tier กรอก'!AR6,'📝 Four-tier กรอก'!AS7="Y",'📝 Four-tier กรอก'!AT7<>'📝 Four-tier กรอก'!AT6,'📝 Four-tier กรอก'!AU7="Y"),"❌ Misc.",IF(AND('📝 Four-tier กรอก'!AR7<>'📝 Four-tier กรอก'!AR6,'📝 Four-tier กรอก'!AS7="N",'📝 Four-tier กรอก'!AT7<>'📝 Four-tier กรอก'!AT6,'📝 Four-tier กรอก'!AU7="N"),"❓ NoK","🤔 Partial"))))) | O5: =IF(OR('📝 Four-tier กรอก'!AV7="",'📝 Four-tier กรอก'!AX7=""),"—",IF(AND('📝 Four-tier กรอก'!AV7='📝 Four-tier กรอก'!AV6,'📝 Four-tier กรอก'!AW7="Y",'📝 Four-tier กรอก'!AX7='📝 Four-tier กรอก'!AX6,'📝 Four-tier กรอก'!AY7="Y"),"✅ Sound",IF(AND('📝 Four-tier กรอก'!AV7='📝 Four-tier กรอก'!AV6,'📝 Four-tier กรอก'!AW7="Y",'📝 Four-tier กรอก'!AX7<>'📝 Four-tier กรอก'!AX6,'📝 Four-tier กรอก'!AY7="Y"),"🎲 Guess",IF(AND('📝 Four-tier กรอก'!AV7<>'📝 Four-tier กรอก'!AV6,'📝 Four-tier กรอก'!AW7="Y",'📝 Four-tier กรอก'!AX7<>'📝 Four-tier กรอก'!AX6,'📝 Four-tier กรอก'!AY7="Y"),"❌ Misc.",IF(AND('📝 Four-tier กรอก'!AV7<>'📝 Four-tier กรอก'!AV6,'📝 Four-tier กรอก'!AW7="N",'📝 Four-tier กรอก'!AX7<>'📝 Four-tier กรอก'!AX6,'📝 Four-tier กรอก'!AY7="N"),"❓ NoK","🤔 Partial"))))) | P5: =IF(OR('📝 Four-tier กรอก'!AZ7="",'📝 Four-tier กรอก'!BB7=""),"—",IF(AND('📝 Four-tier กรอก'!AZ7='📝 Four-tier กรอก'!AZ6,'📝 Four-tier กรอก'!BA7="Y",'📝 Four-tier กรอก'!BB7='📝 Four-tier กรอก'!BB6,'📝 Four-tier กรอก'!BC7="Y"),"✅ Sound",IF(AND('📝 Four-tier กรอก'!AZ7='📝 Four-tier กรอก'!AZ6,'📝 Four-tier กรอก'!BA7="Y",'📝 Four-tier กรอก'!BB7<>'📝 Four-tier กรอก'!BB6,'📝 Four-tier กรอก'!BC7="Y"),"🎲 Guess",IF(AND('📝 Four-tier กรอก'!AZ7<>'📝 Four-tier กรอก'!AZ6,'📝 Four-tier กรอก'!BA7="Y",'📝 Four-tier กรอก'!BB7<>'📝 Four-tier กรอก'!BB6,'📝 Four-tier กรอก'!BC7="Y"),"❌ Misc.",IF(AND('📝 Four-tier กรอก'!AZ7<>'📝 Four-tier กรอก'!AZ6,'📝 Four-tier กรอก'!BA7="N",'📝 Four-tier กรอก'!BB7<>'📝 Four-tier กรอก'!BB6,'📝 Four-tier กรอก'!BC7="N"),"❓ NoK","🤔 Partial"))))) | Q5: =IF(OR('📝 Four-tier กรอก'!BD7="",'📝 Four-tier กรอก'!BF7=""),"—",IF(AND('📝 Four-tier กรอก'!BD7='📝 Four-tier กรอก'!BD6,'📝 Four-tier กรอก'!BE7="Y",'📝 Four-tier กรอก'!BF7='📝 Four-tier กรอก'!BF6,'📝 Four-tier กรอก'!BG7="Y"),"✅ Sound",IF(AND('📝 Four-tier กรอก'!BD7='📝 Four-tier กรอก'!BD6,'📝 Four-tier กรอก'!BE7="Y",'📝 Four-tier กรอก'!BF7<>'📝 Four-tier กรอก'!BF6,'📝 Four-tier กรอก'!BG7="Y"),"🎲 Guess",IF(AND('📝 Four-tier กรอก'!BD7<>'📝 Four-tier กรอก'!BD6,'📝 Four-tier กรอก'!BE7="Y",'📝 Four-tier กรอก'!BF7<>'📝 Four-tier กรอก'!BF6,'📝 Four-tier กรอก'!BG7="Y"),"❌ Misc.",IF(AND('📝 Four-tier กรอก'!BD7<>'📝 Four-tier กรอก'!BD6,'📝 Four-tier กรอก'!BE7="N",'📝 Four-tier กรอก'!BF7<>'📝 Four-tier กรอก'!BF6,'📝 Four-tier กรอก'!BG7="N"),"❓ NoK","🤔 Partial"))))) | R5: =IF(OR('📝 Four-tier กรอก'!BH7="",'📝 Four-tier กรอก'!BJ7=""),"—",IF(AND('📝 Four-tier กรอก'!BH7='📝 Four-tier กรอก'!BH6,'📝 Four-tier กรอก'!BI7="Y",'📝 Four-tier กรอก'!BJ7='📝 Four-tier กรอก'!BJ6,'📝 Four-tier กรอก'!BK7="Y"),"✅ Sound",IF(AND('📝 Four-tier กรอก'!BH7='📝 Four-tier กรอก'!BH6,'📝 Four-tier กรอก'!BI7="Y",'📝 Four-tier กรอก'!BJ7<>'📝 Four-tier กรอก'!BJ6,'📝 Four-tier กรอก'!BK7="Y"),"🎲 Guess",IF(AND('📝 Four-tier กรอก'!BH7<>'📝 Four-tier กรอก'!BH6,'📝 Four-tier กรอก'!BI7="Y",'📝 Four-tier กรอก'!BJ7<>'📝 Four-tier กรอก'!BJ6,'📝 Four-tier กรอก'!BK7="Y"),"❌ Misc.",IF(AND('📝 Four-tier กรอก'!BH7<>'📝 Four-tier กรอก'!BH6,'📝 Four-tier กรอก'!BI7="N",'📝 Four-tier กรอก'!BJ7<>'📝 Four-tier กรอก'!BJ6,'📝 Four-tier กรอก'!BK7="N"),"❓ NoK","🤔 Partial"))))) | S5: =IF(OR('📝 Four-tier กรอก'!BL7="",'📝 Four-tier กรอก'!BN7=""),"—",IF(AND('📝 Four-tier กร | T5: =IF(OR('📝 Four-tier กรอก'!BP7="",'📝 Four-tier กรอก'!BR7=""),"—",IF(AND('📝 Four-tier กรอก'!BP7='📝 Four-tier กรอก'!BP6,'📝 Four-tier กรอก'!BQ7="Y",'📝 Four-tier กรอก'!BR7='📝 Four-tier กรอก'!BR6,'📝 Four-tier กรอก'!BS7="Y"),"✅ Sound",IF(AND('📝 Four-tier กรอก'!BP7='📝 Four-tier กรอก'!BP6,'📝 Four-tier กรอก'!BQ7="Y",'📝 Four-tier กรอก'!BR7<>'📝 Four-tier กรอก'!BR6,'📝 Four-tier กรอก'!BS7="Y"),"🎲 Guess",IF(AND('📝 Four-tier กรอก'!BP7<>'📝 Four-tier กรอก'!BP6,'📝 Four-tier กรอก'!BQ7="Y",'📝 Four-tier กรอก'!BR7<>'📝 Four-tier กรอก'!BR6,'📝 Four-tier กรอก'!BS7="Y"),"❌ Misc.",IF(AND('📝 Four-tier กรอก'!BP7<>'📝 Four-tier กรอก'!BP6,'📝 Four-tier กรอก'!BQ7="N",'📝 Four-tier กรอก'!BR7<>'📝 Four-tier กรอก'!BR6,'📝 Four-tier กรอก'!BS7="N"),"❓ NoK","🤔 Partial"))))) | U5: =IF(OR('📝 Four-tier กรอก'!BT7="",'📝 Four-tier กรอก'!BV7=""),"—",IF(AND('📝 Four-tier กรอก'!BT7='📝 Four-tier กรอก'!BT6,'📝 Four-tier กรอก'!BU7="Y",'📝 Four-tier กรอก'!BV7='📝 Four-tier กรอก'!BV6,'📝 Four-tier กรอก'!BW7="Y"),"✅ Sound",IF(AND('📝 Four-tier กรอก'!BT7='📝 Four-tier กรอก'!BT6,'📝 Four-tier กรอก'!BU7="Y",'📝 Four-tier กรอก'!BV7<>'📝 Four-tier กรอก'!BV6,'📝 Four-tier กรอก'!BW7="Y"),"🎲 Guess",IF(AND('📝 Four-tier กรอก'!BT7<>'📝 Four-tier กรอก'!BT6,'📝 Four-tier กรอก'!BU7="Y",'📝 Four-tier กรอก'!BV7<>'📝 Four-tier กรอก'!BV6,'📝 Four-tier กรอก'!BW7="Y"),"❌ Misc.",IF(AND('📝 Four-tier กรอก'!BT7<>'📝 Four-tier กรอก'!BT6,'📝 Four-tier กรอก'!BU7="N",'📝 Four-tier กรอก'!BV7<>'📝 Four-tier กรอก'!BV6,'📝 Four-tier กรอก'!BW7="N"),"❓ NoK","🤔 Partial"))))) | V5: =IF(OR('📝 Four-tier กรอก'!BX7="",'📝 Four-tier กรอก'!BZ7=""),"—",IF(AND('📝 Four-tier กรอก'!BX7='📝 Four-tier กรอก'!BX6,'📝 Four-tier กรอก'!BY7="Y",'📝 Four-tier กรอก'!BZ7='📝 Four-tier กรอก'!BZ6,'📝 Four-tier กรอก'!CA7="Y"),"✅ Sound",IF(AND('📝 Four-tier กรอก'!BX7='📝 Four-tier กรอก'!BX6,'📝 Four-tier กรอก'!BY7="Y",'📝 Four-tier กรอก'!BZ7<>'📝 Four-tier กรอก'!BZ6,'📝 Four-tier กรอก'!CA7="Y"),"🎲 Guess",IF(AND('📝 Four-tier กรอก'!BX7<>'📝 Four-tier กรอก'!BX6,'📝 Four-tier กรอก'!BY7="Y",'📝 Four-tier กรอก'!BZ7<>'📝 Four-tier กรอก'!BZ6,'📝 Four-tier กรอก'!CA7="Y"),"❌ Misc.",IF(AND('📝 Four-tier กรอก'!BX7<>'📝 Four-tier กรอก'!BX6,'📝 Four-tier กรอก'!BY7="N",'📝 Four-tier กรอก'!BZ7<>'📝 Four-tier กรอก'!BZ6,'📝 Four-tier กรอก'!CA7="N"),"❓ NoK","🤔 Partial"))))) | W5: =IF(OR('📝 Four-tier กรอก'!CB7="",'📝 Four-tier กรอก'!CD7=""),"—",IF(AND('📝 Four-tier กรอก'!CB7='📝 Four-tier กรอก'!CB6,'📝 Four-tier กรอก'!CC7="Y",'📝 Four-tier กรอก'!CD7='📝 Four-tier กรอก'!CD6,'📝 Four-tier กรอก'!CE7="Y"),"✅ Sound",IF(AND('📝 Four-tier กรอก'!CB7='📝 Four-tier กรอก'!CB6,'📝 Four-tier กรอก'!CC7="Y",'📝 Four-tier กรอก'!CD7<>'📝 Four-tier กรอก'!CD6,'📝 Four-tier กรอก'!CE7="Y"),"🎲 Guess",IF(AND('📝 Four-tier กรอก'!CB7<>'📝 Four-tier กรอก'!CB6,'📝 Four-tier กรอก'!CC7="Y",'📝 Four-tier กรอก'!CD7<>'📝 Four-tier กรอก'!CD6,'📝 Four-tier กรอก'!CE7="Y"),"❌ Misc.",IF(AND('📝 Four-tier กรอก'!CB7<>'📝 Four-tier กรอก'!CB6,'📝 Four-tier กรอก'!CC7="N",'📝 Four-tier กรอก'!CD7<>'📝 Four-tier กรอก'!CD6,'📝 Four-tier กรอก'!CE7="N"),"❓ NoK","🤔 Partial"))))) | X5: =COUNTIF(D5:W5,"✅ Sound") | Y5: =COUNTIF(D5:W5,"❌ Misc.") | Z5: =COUNTIF(D5:W5,"🎲 Guess") | AA5: =COUNTIF(D5:W5,"❓ NoK")
B6: ='📝 Four-tier กรอก'!B8 | C6: ='📝 Four-tier กรอก'!C8 | D6: =IF(OR('📝 Four-tier กรอก'!D8="",'📝 Four-tier กรอก'!F8=""),"—",IF(AND('📝 Four-tier กรอก'!D8='📝 Four-tier กรอก'!D6,'📝 Four-tier กรอก'!E8="Y",'📝 Four-tier กรอก'!F8='📝 Four-tier กรอก'!F6,'📝 Four-tier กรอก'!G8="Y"),"✅ Sound",IF(AND('📝 Four-tier กรอก'!D8='📝 Four-tier กรอก'!D6,'📝 Four-tier กรอก'!E8="Y",'📝 Four-tier กรอก'!F8<>'📝 Four-tier กรอก'!F6,'📝 Four-tier กรอก'!G8="Y"),"🎲 Guess",IF(AND('📝 Four-tier กรอก'!D8<>'📝 Four-tier กรอก'!D6,'📝 Four-tier กรอก'!E8="Y",'📝 Four-tier กรอก'!F8<>'📝 Four-tier กรอก'!F6,'📝 Four-tier กรอก'!G8="Y"),"❌ Misc.",IF(AND('📝 Four-tier กรอก'!D8<>'📝 Four-tier กรอก'!D6,'📝 Four-tier กรอก'!E8="N",'📝 Four-tier กรอก'!F8<>'📝 Four-tier กรอก'!F6,'📝 Four-tier กรอก'!G8="N"),"❓ NoK","🤔 Partial"))))) | E6: =IF(OR('📝 Four-tier กรอก'!H8="",'📝 Four-tier กรอก'!J8=""),"—",IF(AND('📝 Four-tier กรอก'!H8='📝 Four-tier กรอก'!H6,'📝 Four-tier กรอก'!I8="Y",'📝 Four-tier กรอก'!J8='📝 Four-tier กรอก'!J6,'📝 Four-tier กรอก'!K8="Y"),"✅ Sound",IF(AND('📝 Four-tier กรอก'!H8='📝 Four-tier กรอก'!H6,'📝 Four-tier กรอก'!I8="Y",'📝 Four-tier กรอก'!J8<>'📝 Four-tier กรอก'!J6,'📝 Four-tier กรอก'!K8="Y"),"🎲 Guess",IF(AND('📝 Four-tier กรอก'!H8<>'📝 Four-tier กรอก'!H6,'📝 Four-tier กรอก'!I8="Y",'📝 Four-tier กรอก'!J8<>'📝 Four-tier กรอก'!J6,'📝 Four-tier กรอก'!K8="Y"),"❌ Misc.",IF(AND('📝 Four-tier กรอก'!H8<>'📝 Four-tier กรอก'!H6,'📝 Four-tier กรอก'!I8="N",'📝 Four-tier กรอก'!J8<>'📝 Four-tier กรอก'!J6,'📝 Four-tier กรอก'!K8="N"),"❓ NoK","🤔 Partial"))))) | F6: =IF(OR('📝 Four-tier กรอก'!L8="",'📝 Four-tier กรอก'!N8=""),"—",IF(AND('📝 Four-tier กรอก'!L8='📝 Four-tier กรอก'!L6,'📝 Four-tier กรอก'!M8="Y",'📝 Four-tier กรอก'!N8='📝 Four-tier กรอก'!N6,'📝 Four-tier กรอก'!O8="Y"),"✅ Sound",IF(AND('📝 Four-tier กรอก'!L8='📝 Four-tier กรอก'!L6,'📝 Four-tier กรอก'!M8="Y",'📝 Four-tier กรอก'!N8<>'📝 Four-tier กรอก'!N6,'📝 Four-tier กรอก'!O8="Y"),"🎲 Guess",IF(AND('📝 Four-tier กรอก'!L8<>'📝 Four-tier กรอก'!L6,'📝 Four-tier กรอก'!M8="Y",'📝 Four-tier กรอก'!N8<>'📝 Four-tier กรอก'!N6,'📝 Four-tier กรอก'!O8="Y"),"❌ Misc.",IF(AND('📝 Four-tier กรอก'!L8<>'📝 Four-tier กรอก'!L6,'📝 Four-tier กรอก'!M8="N",'📝 Four-tier กรอก'!N8<>'📝 Four-tier กรอก'!N6,'📝 Four-tier กรอก'!O8="N"),"❓ NoK","🤔 Partial"))))) | G6: =IF(OR('📝 Four-tier กรอก'!P8="",'📝 Four-tier กรอก'!R8=""),"—",IF(AND('📝 Four-tier กรอก'!P8='📝 Four-tier กรอก'!P6,'📝 Four-tier กรอก'!Q8="Y",'📝 Four-tier กรอก'!R8='📝 Four-tier กรอก'!R6,'📝 Four-tier กรอก'!S8="Y"),"✅ Sound",IF(AND('📝 Four-tier กรอก'!P8='📝 Four-tier กรอก'!P6,'📝 Four-tier กรอก'!Q8="Y",'📝 Four-tier กรอก'!R8<>'📝 Four-tier กรอก'!R6,'📝 Four-tier กรอก'!S8="Y"),"🎲 Guess",IF(AND('📝 Four-tier กรอก'!P8<>'📝 Four-tier กรอก'!P6,'📝 Four-tier กรอก'!Q8="Y",'📝 Four-tier กรอก'!R8<>'📝 Four-tier กรอก'!R6,'📝 Four-tier กรอก'!S8="Y"),"❌ Misc.",IF(AND('📝 Four-tier กรอก'!P8<>'📝 Four-tier กรอก'!P6,'📝 Four-tier กรอก'!Q8="N",'📝 Four-tier กรอก'!R8<>'📝 Four-tier กรอก'!R6,'📝 Four-tier กรอก'!S8="N"),"❓ NoK","🤔 Partial"))))) | H6: =IF(OR('📝 Four-tier กรอก'!T8="",'📝 Four-tier กรอก'!V8=""),"—",IF(AND('📝 Four-tier กรอก'!T8='📝 Four-tier กรอก'!T6,'📝 Four-tier กรอก'!U8="Y",'📝 Four-tier กรอก'!V8='📝 Four-tier กรอก'!V6,'📝 Four-tier กรอก'!W8="Y"),"✅ Sound",IF(AND('📝 Four-tier กรอก'!T8='📝 Four-tier กรอก'!T6,'📝 Four-tier กรอก'!U8="Y",'📝 Four-tier กรอก'!V8<>'📝 Four-tier กรอก'!V6,'📝 Four-tier กรอก'!W8="Y"),"🎲 Guess",IF(AND('📝 Four-tier กรอก'!T8<>'📝 Four-tier กรอก'!T6,'📝 Four-tier กรอก'!U8="Y",'📝 Four-tier กรอก'!V8<>'📝 Four-tier กรอก'!V6,'📝 Four-tier กรอก'!W8="Y"),"❌ Misc.",IF(AND('📝 Four-tier กรอก'!T8<>'📝 Four-tier กรอก'!T6,'📝 Four-tier กรอก'!U8="N",'📝 Four-tier กรอก'!V8<>'📝 Four-tier กรอก'!V6,'📝 Four-tier กรอก'!W8="N"),"❓ NoK","🤔 Partial"))))) | I6: =IF(OR('📝 Four-tier กรอก'!X8="",'📝 Four-tier กรอก'!Z8=""),"—",IF(AND('📝 Four-tier กรอก'!X8='📝 Four-tier กรอก'!X6,'📝 Four-tier กรอก'!Y8="Y",'📝 Four-tier กรอก'!Z8='📝 Four-tier กรอก'!Z6,'📝 Four-tier กรอก'!AA8="Y"),"✅ Sound",IF(AND('📝 Four-tier กรอก'!X8='📝 Four-tier กรอก'!X6,'📝 Four-tier กรอก'!Y8="Y",'📝 Four-tier กรอก'!Z8<>'📝 Four-tier กรอก'!Z6,'📝 Four-tier กรอก'!AA8="Y"),"🎲 Guess",IF(AND('📝 Four-tier กรอก'!X8<>'📝 Four-tier กรอก'!X6,'📝 Four-tier กรอก'!Y8="Y",'📝 Four-tier กรอก'!Z8<>'📝 Four-tier กรอก'!Z6,'📝 Four-tier กรอก'!AA8="Y"),"❌ Misc.",IF(AND('📝 Four-tier กรอก'!X8<>'📝 Four-tier กรอก'!X6,'📝 Four-tier กรอก'!Y8="N",'📝 Four-tier กรอก'!Z8<>'📝 Four-tier กรอก'!Z6,'📝 Four-tier กรอก'!AA8="N"),"❓ NoK","🤔 Partial"))))) | J6: =IF(OR('📝 Four-tier กรอก'!AB8="",'📝 Four-tier กรอก'!AD8=""),"—",IF(AND('📝 Four-tier กรอก'!AB8='📝 Four-tier กรอก'!AB6,'📝 Four-tier กรอก'!AC8="Y",'📝 Four-tier กรอก'!AD8='📝 Four-tier กรอก'!AD6,'📝 Four-tier กรอก'!AE8="Y"),"✅ Sound",IF(AND('📝 Four-tier กรอก'!AB8='📝 Four-tier กรอก'!AB6,'📝 Four-tier กรอก'!AC8="Y",'📝 Four-tier กรอก'!AD8<>'📝 Four-tier กรอก'!AD6,'📝 Four-tier กรอก'!AE8="Y"),"🎲 Guess",IF(AND('📝 Four-tier กรอก'!AB8<>'📝 Four-tier กรอก'!AB6,'📝 Four-tier กรอก'!AC8="Y",'📝 Four-tier กรอก'!AD8<>'📝 Four-tier กรอก'!AD6,'📝 Four-tier กรอก'!AE8="Y"),"❌ Misc.",IF(AND('📝 Four-tier กรอก'!AB8<>'📝 Four-tier กรอก'!AB6,'📝 Four-tier กรอก'!AC8="N",'📝 Four-tier กรอก'!AD8<>'📝 Four-tier กรอก'!AD6,'📝 Four-tier กรอก'!AE8="N"),"❓ NoK","🤔 Partial"))))) | K6: =IF(OR('📝 Four-tier กรอก'!AF8="",'📝 Four-tier กรอก'!AH8=""),"—",IF(AND('📝 Four-tier กรอก'!AF8='📝 Four-tier กรอก'!AF6,'📝 Four-tier กรอก'!AG8="Y",'📝 Four-tier กรอก'!AH8='📝 Four-tier กรอก'!AH6,'📝 Four-tier กรอก'!AI8="Y"),"✅ Sound",IF(AND('📝 Four-tier กรอก'!AF8='📝 Four-tier กรอก'!AF6,'📝 Four-tier กรอก'!AG8="Y",'📝 Four-tier กรอก'!AH8<>'📝 Four-tier กรอก'!AH6,'📝 Four-tier กรอก'!AI8="Y"),"🎲 Guess",IF(AND('📝 Four-tier กรอก'!AF8<>'📝 Four-tier กรอก'!AF6,'📝 Four-tier กรอก'!AG8="Y",'📝 Four-tier กรอก'!AH8<>'📝 Four-tier กรอก'!AH6,'📝 Four-tier กรอก'!AI8="Y"),"❌ Misc.",IF(AND('📝 Four-tier กรอก'!AF8<>'📝 Four-tier กรอก'!AF6,'📝 Four-tier กรอก'!AG8="N",'📝 Four-tier กรอก'!AH8<>'📝 Four-tier กรอก'!AH6,'📝 Four-tier กรอก'!AI8="N"),"❓ NoK","🤔 Partial"))))) | L6: =IF(OR('📝 Four-tier กรอก'!AJ8="",'📝 Four-tier กรอก'!AL8=""),"—",IF(AND('📝 Four-tier กรอก'!AJ8='📝 Four-tier กรอก'!AJ6,'📝 Four-tier กรอก'!AK8="Y",'📝 Four-tier กรอก'!AL8='📝 Four-tier กรอก'!AL6,'📝 Four-tier กรอก'!AM8="Y"),"✅ Sound",IF(AND('📝 Four-tier กรอก'!AJ8='📝 Four-tier กรอก'!AJ6,'📝 Four-tier กรอก'!AK8="Y",'📝 Four-tier กรอก'!AL8<>'📝 Four-tier กรอก'!AL6,'📝 Four-tier กรอก'!AM8="Y"),"🎲 Guess",IF(AND('📝 Four-tier กรอก'!AJ8<>'📝 Four-tier กรอก'!AJ6,'📝 Four-tier กรอก'!AK8="Y",'📝 Four-tier กรอก'!AL8<>'📝 Four-tier กรอก'!AL6,'📝 Four-tier กรอก'!AM8="Y"),"❌ Misc.",IF(AND('📝 Four-tier กรอก'!AJ8<>'📝 Four-tier กรอก'!AJ6,'📝 Four-tier กรอก'!AK8="N",'📝 Four-tier กรอก'!AL8<>'📝 Four-tier กรอก'!AL6,'📝 Four-tier กรอก'!AM8="N"),"❓ NoK","🤔 Partial"))))) | M6: =IF(OR('📝 Four-tier กรอก'!AN8="",'📝 Four-tier กรอก'!AP8=""),"—",IF(AND('📝 Four-tier กรอก'!AN8='📝 Four-tier กรอก'!AN6,'📝 Four-tier กรอก'!AO8="Y",'📝 Four-tier กรอก'!AP8='📝 Four-tier กรอก'!AP6,'📝 Four-tier กรอก'!AQ8="Y"),"✅ Sound",IF(AND('📝 Four-tier กรอก'!AN8='📝 Four-tier กรอก'!AN6,'📝 Four-tier กรอก'!AO8="Y",'📝 Four-tier กรอก'!AP8<>'📝 Four-tier กรอก'!AP6,'📝 Four-tier กรอก'!AQ8="Y"),"🎲 Guess",IF(AND('📝 Four-tier กรอก'!AN8<>'📝 Four-tier กรอก'!AN6,'📝 Four-tier กรอก'!AO8="Y",'📝 Four-tier กรอก'!AP8<>'📝 Four-tier กรอก'!AP6,'📝 Four-tier กรอก'!AQ8="Y"),"❌ Misc.",IF(AND('📝 Four-tier กรอก'!AN8<>'📝 Four-tier กรอก'!AN6,'📝 Four-tier กรอก'!AO8="N",'📝 Four-tier กรอก'!AP8<>'📝 Four-tier กรอก'!AP6,'📝 Four-tier กรอก'!AQ8="N"),"❓ NoK","🤔 Partial"))))) | N6: =IF(OR('📝 Four-tier กรอก'!AR8="",'📝 Four-tier กรอก'!AT8=""),"—",IF(AND('📝 Four-tier กรอก'!AR8='📝 Four-tier กรอก'!AR6,'📝 Four-tier กรอก'!AS8="Y",'📝 Four-tier กรอก'!AT8='📝 Four-tier กรอก'!AT6,'📝 Four-tier กรอก'!AU8="Y"),"✅ Sound",IF(AND('📝 Four-tier กรอก'!AR8='📝 Four-tier กรอก'!AR6,'📝 Four-tier กรอก'!AS8="Y",'📝 Four-tier กรอก'!AT8<>'📝 Four-tier กรอก'!AT6,'📝 Four-tier กรอก'!AU8="Y"),"🎲 Guess",IF(AND('📝 Four-tier กรอก'!AR8<>'📝 Four-tier กรอก'!AR6,'📝 Four-tier กรอก'!AS8="Y",'📝 Four-tier กรอก'!AT8<>'📝 Four-tier กรอก'!AT6,'📝 Four-tier กรอก'!AU8="Y"),"❌ Misc.",IF(AND('📝 Four-tier กรอก'!AR8<>'📝 Four-tier กรอก'!AR6,'📝 Four-tier กรอก'!AS8="N",'📝 Four-tier กรอก'!AT8<>'📝 Four-tier กรอก'!AT6,'📝 Four-tier กรอก'!AU8="N"),"❓ NoK","🤔 Partial"))))) | O6: =IF(OR('📝 Four-tier กรอก'!AV8="",'📝 Four-tier กรอก'!AX8=""),"—",IF(AND('📝 Four-tier กรอก'!AV8='📝 Four-tier กรอก'!AV6,'📝 Four-tier กรอก'!AW8="Y",'📝 Four-tier กรอก'!AX8='📝 Four-tier กรอก'!AX6,'📝 Four-tier กรอก'!AY8="Y"),"✅ Sound",IF(AND('📝 Four-tier กรอก'!AV8='📝 Four-tier กรอก'!AV6,'📝 Four-tier กรอก'!AW8="Y",'📝 Four-tier กรอก'!AX8<>'📝 Four-tier กรอก'!AX6,'📝 Four-tier กรอก'!AY8="Y"),"🎲 Guess",IF(AND('📝 Four-tier กรอก'!AV8<>'📝 Four-tier กรอก'!AV6,'📝 Four-tier กรอก'!AW8="Y",'📝 Four-tier กรอก'!AX8<>'📝 Four-tier กรอก'!AX6,'📝 Four-tier กรอก'!AY8="Y"),"❌ Misc.",IF(AND('📝 Four-tier กรอก'!AV8<>'📝 Four-tier กรอก'!AV6,'📝 Four-tier กรอก'!AW8="N",'📝 Four-tier กรอก'!AX8<>'📝 Four-tier กรอก'!AX6,'📝 Four-tier กรอก'!AY8="N"),"❓ NoK","🤔 Partial"))))) | P6: =IF(OR('📝 Four-tier กรอก'!AZ8="",'📝 Four-tier กรอก'!BB8=""),"—",IF(AND('📝 Four-tier กรอก'!AZ8='📝 Four-tier กรอก'!AZ6,'📝 Four-tier กรอก'!BA8="Y",'📝 Four-tier กรอก'!BB8='📝 Four-tier กรอก'!BB6,'📝 Four-tier กรอก'!BC8="Y"),"✅ Sound",IF(AND('📝 Four-tier กรอก'!AZ8='📝 Four-tier กรอก'!AZ6,'📝 Four-tier กรอก'!BA8="Y",'📝 Four-tier กรอก'!BB8<>'📝 Four-tier กรอก'!BB6,'📝 Four-tier กรอก'!BC8="Y"),"🎲 Guess",IF(AND('📝 Four-tier กรอก'!AZ8<>'📝 Four-tier กรอก'!AZ6,'📝 Four-tier กรอก'!BA8="Y",'📝 Four-tier กรอก'!BB8<>'📝 Four-tier กรอก'!BB6,'📝 Four-tier กรอก'!BC8="Y"),"❌ Misc.",IF(AND('📝 Four-tier กรอก'!AZ8<>'📝 Four-tier กรอก'!AZ6,'📝 Four-tier กรอก'!BA8="N",'📝 Four-tier กรอก'!BB8<>'📝 Four-tier กรอก'!BB6,'📝 Four-tier กรอก'!BC8="N"),"❓ NoK","🤔 Partial"))))) | Q6: =IF(OR('📝 Four-tier กรอก'!BD8="",'📝 Four-tier กรอก'!BF8=""),"—",IF(AND('📝 Four-tier กรอก'!BD8='📝 Four-tier กรอก'!BD6,'📝 Four-tier กรอก'!BE8="Y",'📝 Four-tier กรอก'!BF8='📝 Four-tier กรอก'!BF6,'📝 Four-tier กรอก'!BG8="Y"),"✅ Sound",IF(AND('📝 Four-tier กรอก'!BD8='📝 Four-tier กรอก'!BD6,'📝 Four-tier กรอก'!BE8="Y",'📝 Four-tier กรอก'!BF8<>'📝 Four-tier กรอก'!BF6,'📝 Four-tier กรอก'!BG8="Y"),"🎲 Guess",IF(AND('📝 Four-tier กรอก'!BD8<>'📝 Four-tier กรอก'!BD6,'📝 Four-tier กรอก'!BE8="Y",'📝 Four-tier กรอก'!BF8<>'📝 Four-tier กรอก'!BF6,'📝 Four-tier กรอก'!BG8="Y"),"❌ Misc.",IF(AND('📝 Four-tier กรอก'!BD8<>'📝 Four-tier กรอก'!BD6,'📝 Four-tier กรอก'!BE8="N",'📝 Four-tier กรอก'!BF8<>'📝 Four-tier กรอก'!BF6,'📝 Four-tier กรอก'!BG8="N"),"❓ NoK","🤔 Partial"))))) | R6: =IF(OR('📝 Four-tier กรอก'!BH8="",'📝 Four-tier กรอก'!BJ8=""),"—",IF(AND('📝 Four-tier กรอก'!BH8='📝 Four-tier กรอก'!BH6,'📝 Four-tier กรอก'!BI8="Y",'📝 Four-tier กรอก'!BJ8='📝 Four-tier กรอก'!BJ6,'📝 Four-tier กรอก'!BK8="Y"),"✅ Sound",IF(AND('📝 Four-tier กรอก'!BH8='📝 Four-tier กรอก'!BH6,'📝 Four-tier กรอก'!BI8="Y",'📝 Four-tier กรอก'!BJ8<>'📝 Four-tier กรอก'!BJ6,'📝 Four-tier กรอก'!BK8="Y"),"🎲 Guess",IF(AND('📝 Four-tier กรอก'!BH8<>'📝 Four-tier กรอก'!BH6,'📝 Four-tier กรอก'!BI8="Y",'📝 Four-tier กรอก'!BJ8<>'📝 Four-tier กรอก'!BJ6,'📝 Four-tier กรอก'!BK8="Y"),"❌ Misc.",IF(AND('📝 Four-tier กรอก'!BH8<>'📝 Four-tier กรอก'!BH6,'📝 Four-tier กรอก'!BI8="N",'📝 Four-tier กรอก'!BJ8<>'📝 Four-tier กรอก'!BJ6,'📝 Four-tier กรอก'!BK8="N"),"❓ NoK","🤔 Partial"))))) | S6: =IF(OR('📝 Four-tier กรอก'!BL8="",'📝 Four-tier กรอก'!BN8=""),"—",IF(AND('📝 Four-tier กรอก'!BL8='📝 Four-tier กรอก'!BL6,'📝 Four-tier กรอก'!BM8="Y",'📝 Four-tier กรอก'!BN8='📝 Four-tier กรอก'!BN6,'📝 Four-tier กรอก'!BO8="Y"),"✅ Sound",IF(AND('📝 Four-tier กรอก'!BL8='📝 Four-tier กรอก'!BL6,'📝 Four-tier กรอก'!BM8="Y",'📝 Four-tier กรอก'!BN8<>'📝 Four-tier กรอก'!BN6,'📝 Four-tier กรอก'!BO8="Y"),"🎲 Guess",IF(AND('📝 Four-tier กรอก'!BL8<>'📝 Four-tier กรอก'!BL6,'📝 Four-tier กรอก'!BM8="Y",'📝 Four-tier กรอก'!BN8<>'📝 Four-tier กรอก'!BN6,'📝 Four-tier กรอก'!BO8="Y"),"❌ Misc.",IF(AND('📝 Four-tier กรอก'!BL8<>'📝 Four-tier กรอก'!BL6,'📝 Four-tier กรอก'!BM8="N",'📝 Four-tier กรอก'!BN8<>'📝 Four-tier กรอก'!BN6,'📝 Four-tier กรอก'!BO8="N"),"❓ NoK","🤔 Partial"))))) | T6: =IF(OR('📝 Four-tier กรอก'!BP8="",'📝 Four-tier กรอก'!BR8=""),"—",IF(AND('📝 Four-tier กรอก'!BP8='📝 Four-tier กรอก'!BP6,'📝 Four-tier กรอก'!BQ8="Y",'📝 Four-tier กรอก'!BR8='📝 Four-tier กรอก'!BR6,'📝 Four-tier กรอก'!BS8="Y"),"✅ Sound",IF(AND('📝 Four-tier กรอก'!BP8='📝 Four-tier กรอก'!BP6,'📝 Four-tier กรอก'!BQ8="Y",'📝 Four-tier กรอก'!BR8<>'📝 Four-tier กรอก'!BR6,'📝 Four-tier กรอก'!BS8="Y"),"🎲 Guess",IF(AND('📝 Four-tier กรอก'!BP8<>'📝 Four-tier กรอก'!BP6,'📝 Four-tier กรอก'!BQ8="Y",'📝 Four-tier กรอก'!BR8<>'📝 Four-tier กรอก'!BR6,'📝 Four-tier กรอก'!BS8="Y"),"❌ Misc.",IF(AND('📝 Four-tier กรอก'!BP8<>'📝 Four-tier กรอก'!BP6,'📝 Four-tier กรอก'!BQ8="N",'📝 Four-tier กรอก'!BR8<>'📝 Four-tier กรอก'!BR6,'📝 Four-tier กรอก'!BS8="N"),"❓ NoK","🤔 Partial"))))) | U6: =IF(OR('📝 Four-tier กรอก'!BT8="",'📝 Four-tier กรอก'!BV8=""),"—",IF(AND('📝 Four-tier กรอก'!BT8='📝 Four-tier กรอก'!BT6,'📝 Four-tier กรอก'!BU8="Y",'📝 Four-tier กรอก'!BV8='📝 Four-tier กรอก'!BV6,'📝 Four-tier กรอก'!BW8="Y"),"✅ Sound",IF(AND('📝 Four-tier กรอก'!BT8='📝 Four-tier กรอก'!BT6,'📝 Four-tier กรอก'!BU8="Y",'📝 Four-tier กรอก'!BV8<>'📝 Four-tier กรอก'!BV6,'📝 Four-tier กรอก'!BW8="Y"),"🎲 Guess",IF(AND('📝 Four-tier กรอก'!BT8<>'📝 Four-tier กรอก'!BT6,'📝 Four-tier กรอก'!BU8="Y",'📝 Four-tier กรอก'!BV8<>'📝 Four-tier กรอก'!BV6,'📝 Four-tier กรอก'!BW8="Y"),"❌ Misc.",IF(AND('📝 Four-tier กรอก'!BT8<>'📝 Four-tier กรอก'!BT6,'📝 Four-tier กรอก'!BU8="N",'📝 Four-tier กรอก'!BV8<>'📝 Four-tier กรอก'!BV6,'📝 Four-tier กรอก'!BW8="N"),"❓ NoK","🤔 Partial"))))) | V6: =IF(OR('📝 Four-tier กรอก'!BX8="",'📝 Four-tier กรอก'!BZ8=""),"—",IF(AND('📝 Four-tier กรอก'!BX8='📝 Four-tier กรอก'!BX6,'📝 Four-tier กรอก'!BY8="Y",'📝 Four-tier กรอก'!BZ8='📝 Four-tier กรอก'!BZ6,'📝 Four-tier กรอก'!CA8="Y"),"✅ Sound",IF(AND('📝 Four-tier กรอก'!BX8='📝 Four-tier กรอก'!BX6,'📝 Four-tier กรอก'!BY8="Y",'📝 Four-tier กรอก'!BZ8<>'📝 Four-tier กรอก'!BZ6,'📝 Four-tier กรอก'!CA8="Y"),"🎲 Guess",IF(AND('📝 Four-tier กรอก'!BX8<>'📝 Four-tier กรอก'!BX6,'📝 Four-tier กรอก'!BY8="Y",'📝 Four-tier กรอก'!BZ8<>'📝 Four-tier กรอก'!BZ6,'📝 Four-tier กรอก'!CA8="Y"),"❌ Misc.",IF(AND('📝 Four-tier กรอก'!BX8<>'📝 Four-tier กรอก'!BX6,'📝 Four-tier กรอก'!BY8="N",'📝 Four-tier กรอก'!BZ8<>'📝 Four-tier กรอก'!BZ6,'📝 Four-tier กรอก'!CA8="N"),"❓ NoK","🤔 Partial"))))) | W6: =IF(OR('📝 Four-tier กรอก'!CB8="",'📝 Four-tier กรอก'!CD8=""),"—",IF(AND('📝 Four-tier กรอก'!CB8='📝 Four-tier กรอก'!CB6,'📝 Four-tier กรอก'!CC8="Y",'📝 Four-tier กรอก'!CD8='📝 Four-tier กรอก'!CD6,'📝 Four-tier กรอก'!CE8="Y"),"✅ Sound",IF(AND('📝 Four-tier กรอก'!CB8='📝 Four-tier กรอก'!CB6,'📝 Four-tier กรอก'!CC8="Y",'📝 Four-tier กรอก'!CD8<>'📝 Four-tier กรอก'!CD6,'📝 Four-tier กรอก'!CE8="Y"),"🎲 Guess",IF(AND('📝 Four-tier กรอก'!CB8<>'📝 Four-tier กรอก'!CB6,'📝 Four-tier กรอก'!CC8="Y",'📝 Four-tier กรอก'!CD8<>'📝 Four-tier กรอก'!CD6,'📝 Four-tier กรอก'!CE8="Y"),"❌ Misc.",IF(AND('📝 Four-tier กรอก'!CB8<>'📝 Four-tier กรอก'!CB6,'📝 Four-tier กรอก'!CC8="N",'📝 Four-tier กรอก'!CD8<>'📝 Four-tier กรอก'!CD6,'📝 Four-tier กรอก'!CE8="N"),"❓ NoK","🤔 Partial"))))) | X6: =COUNTIF(D6:W6,"✅ Sound") | Y6: =COUNTIF(D6:W6,"❌ Misc.") | Z6: =COUNTIF(D6:W6,"🎲 Guess") | AA6: =COUNTIF(D6:W6,"❓ NoK")
B7: ='📝 Four-tier กรอก'!B9 | C7: ='📝 Four-tier กรอก'!C9 | D7: =IF(OR('📝 Four-tier กรอก'!D9="",'📝 Four-tier กรอก'!F9=""),"—",IF(AND('📝 Four-tier กรอก'!D9='📝 Four-tier กรอก'!D6,'📝 Four-tier กรอก'!E9="Y",'📝 Four-tier กรอก'!F9='📝 Four-tier กรอก'!F6,'📝 Four-tier กรอก'!G9="Y"),"✅ Sound",IF(AND('📝 Four-tier กรอก'!D9='📝 Four-tier กรอก'!D6,'📝 Four-tier กรอก'!E9="Y",'📝 Four-tier กรอก'!F9<>'📝 Four-tier กรอก'!F6,'📝 Four-tier กรอก'!G9="Y"),"🎲 Guess",IF(AND('📝 Four-tier กรอก'!D9<>'📝 Four-tier กรอก'!D6,'📝 Four-tier กรอก'!E9="Y",'📝 Four-tier กรอก'!F9<>'📝 Four-tier กรอก'!F6,'📝 Four-tier กรอก'!G9="Y"),"❌ Misc.",IF(AND('📝 Four-tier กรอก'!D9<>'📝 Four-tier กรอก'!D6,'📝 Four-tier กรอก'!E9="N",'📝 Four-tier กรอก'!F9<>'📝 Four-tier กรอก'!F6,'📝 Four-tier กรอก'!G9="N"),"❓ NoK","🤔 Partial"))))) | E7: =IF(OR('📝 Four-tier กรอก'!H9="",'📝 Four-tier กรอก'!J9=""),"—",IF(AND('📝 Four-tier กรอก'!H9='📝 Four-tier กรอก'!H6,'📝 Four-tier กรอก'!I9="Y",'📝 Four-tier กรอก'!J9='📝 Four-tier กรอก'!J6,'📝 Four-tier กรอก'!K9="Y"),"✅ Sound",IF(AND('📝 Four-tier กรอก'!H9='📝 Four-tier กรอก'!H6,'📝 Four-tier กรอก'!I9="Y",'📝 Four-tier กรอก'!J9<>'📝 Four-tier กรอก'!J6,'📝 Four-tier กรอก'!K9="Y"),"🎲 Guess",IF(AND('📝 Four-tier กรอก'!H9<>'📝 Four-tier กรอก'!H6,'📝 Four-tier กรอก'!I9="Y",'📝 Four-tier กรอก'!J9<>'📝 Four-tier กรอก'!J6,'📝 Four-tier กรอก'!K9="Y"),"❌ Misc.",IF(AND('📝 Four-tier กรอก'!H9<>'📝 Four-tier กรอก'!H6,'📝 Four-tier กรอก'!I9="N",'📝 Four-tier กรอก'!J9<>'📝 Four-tier กรอก'!J6,'📝 Four-tier กรอก'!K9="N"),"❓ NoK","🤔 Partial"))))) | F7: =IF(OR('📝 Four-tier กรอก'!L9="",'📝 Four-tier กรอก'!N9=""),"—",IF(AND('📝 Four-tier กรอก'!L9='📝 Four-tier กรอก'!L6,'📝 Four-tier กรอก'!M9="Y",'📝 Four-tier กรอก'!N9='📝 Four-tier กรอก'!N6,'📝 Four-tier กรอก'!O9="Y"),"✅ Sound",IF(AND('📝 Four-tier กรอก'!L9='📝 Four-tier กรอก'!L6,'📝 Four-tier กรอก'!M9="Y",'📝 Four-tier กรอก'!N9<>'📝 Four-tier กรอก'!N6,'📝 Four-tier กรอก'!O9="Y"),"🎲 Guess",IF(AND('📝 Four-tier กรอก'!L9<>'📝 Four-tier กรอก'!L6,'📝 Four-tier กรอก'!M9="Y",'📝 Four-tier กรอก'!N9<>'📝 Four-tier กรอก'!N6,'📝 Four-tier กรอก'!O9="Y"),"❌ Misc.",IF(AND('📝 Four-tier กรอก'!L9<>'📝 Four-tier กรอก'!L6,'📝 Four-tier กรอก'!M9="N",'📝 Four-tier กรอก'!N9<>'📝 Four-tier กรอก'!N6,'📝 Four-tier กรอก'!O9="N"),"❓ NoK","🤔 Partial"))))) | G7: =IF(OR('📝 Four-tier กรอก'!P9="",'📝 Four-tier กรอก'!R9=""),"—",IF(AND('📝 Four-tier กรอก'!P9='📝 Four-tier กรอก'!P6,'📝 Four-tier กรอก'!Q9="Y",'📝 Four-tier กรอก'!R9='📝 Four-tier กรอก'!R6,'📝 Four-tier กรอก'!S9="Y"),"✅ Sound",IF(AND('📝 Four-tier กรอก'!P9='📝 Four-tier กรอก'!P6,'📝 Four-tier กรอก'!Q9="Y",'📝 Four-tier กรอก'!R9<>'📝 Four-tier กรอก'!R6,'📝 Four-tier กรอก'!S9="Y"),"🎲 Guess",IF(AND('📝 Four-tier กรอก'!P9<>'📝 Four-tier กรอก'!P6,'📝 Four-tier กรอก'!Q9="Y",'📝 Four-tier กรอก'!R9<>'📝 Four-tier กรอก'!R6,'📝 Four-tier กรอก'!S9="Y"),"❌ Misc.",IF(AND('📝 Four-tier กรอก'!P9<>'📝 Four-tier กรอก'!P6,'📝 Four-tier กรอก'!Q9="N",'📝 Four-tier กรอก'!R9<>'📝 Four-tier กรอก'!R6,'📝 Four-tier กรอก'!S9="N"),"❓ NoK","🤔 Partial"))))) | H7: =IF(OR('📝 Four-tier กรอก'!T9="",'📝 Four-tier กรอก'!V9=""),"—",IF(AND('📝 Four-tier กรอก'!T9='📝 Four-tier กรอก'!T6,'📝 Four-tier กรอก'!U9="Y",'📝 Four-tier กรอก'!V9='📝 Four-tier กรอก'!V6,'📝 Four-tier กรอก'!W9="Y"),"✅ Sound",IF(AND('📝 Four-tier กรอก'!T9='📝 Four-tier กรอก'!T6,'📝 Four-tier กรอก'!U9="Y",'📝 Four-tier กรอก'!V9<>'📝 Four-tier กรอก'!V6,'📝 Four-tier กรอก'!W9="Y"),"🎲 Guess",IF(AND('📝 Four-tier กรอก'!T9<>'📝 Four-tier กรอก'!T6,'📝 Four-tier กรอก'!U9="Y",'📝 Four-tier กรอก'!V9<>'📝 Four-tier กรอก'!V6,'📝 Four-tier กรอก'!W9="Y"),"❌ Misc.",IF(AND('📝 Four-tier กรอก'!T9<>'📝 Four-tier กรอก'!T6,'📝 Four-tier กรอก'!U9="N",'📝 Four-tier กรอก'!V9<>'📝 Four-tier กรอก'!V6,'📝 Four-tier กรอก'!W9="N"),"❓ NoK","🤔 Partial"))))) | I7: =IF(OR('📝 Four-tier กรอก'!X9="",'📝 Four-tier กรอก'!Z9=""),"—",IF(AND('📝 Four-tier กรอก'!X9='📝 Four-tier กรอก'!X6,'📝 Four-tier กรอก'!Y9="Y",'📝 Four-tier กรอก'!Z9='📝 Four-tier กรอก'!Z6,'📝 Four-tier กรอก'!AA9="Y"),"✅ Sound",IF(AND('📝 Four-tier กรอก'!X9='📝 Four-tier กรอก'!X6,'📝 Four-tier กรอก'!Y9="Y",'📝 Four-tier กรอก'!Z9<>'📝 Four-tier กรอก'!Z6,'📝 Four-tier กรอก'!AA9="Y"),"🎲 Guess",IF(AND('📝 Four-tier กรอก'!X9<>'📝 Four-tier กรอก'!X6,'📝 Four-tier กรอก'!Y9="Y",'📝 Four-tier กรอก'!Z9<>'📝 Four-tier กรอก'!Z6,'📝 Four-tier กรอก'!AA9="Y"),"❌ Misc.",IF(AND('📝 Four-tier กรอก'!X9<>'📝 Four-tier กรอก'!X6,'📝 Four-tier กรอก'!Y9="N",'📝 Four-tier กรอก'!Z9<>'📝 Four-tier กรอก'!Z6,'📝 Four-tier กรอก'!AA9="N"),"❓ NoK","🤔 Partial"))))) | J7: =IF(OR('📝 Four-tier กรอก'!AB9="",'📝 Four-tier กรอก'!AD9=""),"—",IF(AND('📝 Four-tier กรอก'!AB9='📝 Four-tier กรอก'!AB6,'📝 Four-tier กรอก'!AC9="Y",'📝 Four-tier กรอก'!AD9='📝 Four-tier กรอก'!AD6,'📝 Four-tier กรอก'!AE9="Y"),"✅ Sound",IF(AND('📝 Four-tier กรอก'!AB9='📝 Four-tier กรอก'!AB6,'📝 Four-tier กรอก'!AC9="Y",'📝 Four-tier กรอก'!AD9<>'📝 Four-tier กรอก'!AD6,'📝 Four-tier กรอก'!AE9="Y"),"🎲 Guess",IF(AND('📝 Four-tier กรอก'!AB9<>'📝 Four-tier กรอก'!AB6,'📝 Four-tier กรอก'!AC9="Y",'📝 Four-tier กรอก'!AD9<>'📝 Four-tier กรอก'!AD6,'📝 Four-tier กรอก'!AE9="Y"),"❌ Misc.",IF(AND('📝 Four-tier กรอก'!AB9<>'📝 Four-tier กรอก'!AB6,'📝 Four-tier กรอก'!AC9="N",'📝 Four-tier กรอก'!AD9<>'📝 Four-tier กรอก'!AD6,'📝 Four-tier กรอก'!AE9="N"),"❓ NoK","🤔 Partial"))))) | K7: =IF(OR('📝 Four-tier กรอก'!AF9="",'📝 Four-tier กรอก'!AH9=""),"—",IF(AND('📝 Four-tier กรอก'!AF9='📝 Four-tier กรอก'!AF6,'📝 Four-tier กรอก'!AG9="Y",'📝 Four-tier กรอก'!AH9='📝 Four-tier กรอก'!AH6,'📝 Four-tier กรอก'!AI9="Y"),"✅ Sound",IF(AND('📝 Four-tier กรอก'!AF9='📝 Four-tier กรอก'!AF6,'📝 Four-tier กรอก'!AG9="Y",'📝 Four-tier กรอก'!AH9<>'📝 Four-tier กรอก'!AH6,'📝 Four-tier กรอก'!AI9="Y"),"🎲 Guess",IF(AND('📝 Four-tier กรอก'!AF9<>'📝 Four-tier กรอก'!AF6,'📝 Four-tier กรอก'!AG9="Y",'📝 Four-tier กรอก'!AH9<>'📝 Four-tier กรอก'!AH6,'📝 Four-tier กรอก'!AI9="Y"),"❌ Misc.",IF(AND('📝 Four-tier กรอก'!AF9<>'📝 Four-tier กรอก'!AF6,'📝 Four-tier กรอก'!AG9="N",'📝 Four-tier กรอก'!AH9<>'📝 Four-tier กรอก'!AH6,'📝 Four-tier กรอก'!AI9="N"),"❓ NoK","🤔 Partial"))))) | L7: =IF(OR('📝 Four-tier กรอก'!AJ9="",'📝 Four-tier กรอก'!AL9=""),"—",IF(AND('📝 Four-tier กรอก'!AJ9='📝 Four-tier กรอก'!AJ6,'📝 Four-tier กรอก'!AK9="Y",'📝 Four-tier กรอก'!AL9='📝 Four-tier กรอก'!AL6,'📝 Four-tier กรอก'!AM9="Y"),"✅ Sound",IF(AND('📝 Four-tier กรอก'!AJ9='📝 Four-tier กรอก'!AJ6,'📝 Four-tier กรอก'!AK9="Y",'📝 Four-tier กรอก'!AL9<>'📝 Four-tier กรอก'!AL6,'📝 Four-tier กรอก'!AM9="Y"),"🎲 Guess",IF(AND('📝 Four-tier กรอก'!AJ9<>'📝 Four-tier กรอก'!AJ6,'📝 Four-tier กรอก'!AK9="Y",'📝 Four-tier กรอก'!AL9<>'📝 Four-tier กรอก'!AL6,'📝 Four-tier กรอก'!AM9="Y"),"❌ Misc.",IF(AND('📝 Four-tier กรอก'!AJ9<>'📝 Four-tier กรอก'!AJ6,'📝 Four-tier กรอก'!AK9="N",'📝 Four-tier กรอก'!AL9<>'📝 Four-tier กรอก'!AL6,'📝 Four-tier กรอก'!AM9="N"),"❓ NoK","🤔 Partial"))))) | M7: =IF(OR('📝 Four-tier กรอก'!AN9="",'📝 Four-tier กรอก'!AP9=""),"—",IF(AND('📝 Four-tier กรอก'!AN9='📝 Four-tier กรอก'!AN6,'📝 Four-tier กรอก'!AO9="Y",'📝 Four-tier กรอก'!AP9='📝 Four-tier กรอก'!AP6,'📝 Four-tier กรอก'!AQ9="Y"),"✅ Sound",IF(AND('📝 Four-tier กรอก'!AN9='📝 Four-tier กรอก'!AN6,'📝 Four-tier กรอก'!AO9="Y",'📝 Four-tier กรอก'!AP9<>'📝 Four-tier กรอก'!AP6,'📝 Four-tier กรอก'!AQ9="Y"),"🎲 Guess",IF(AND('📝 Four-tier กรอก'!AN9<>'📝 Four-tier กรอก'!AN6,'📝 Four-tier กรอก'!AO9="Y",'📝 Four-tier กรอก'!AP9<>'📝 Four-tier กรอก'!AP6,'📝 Four-tier กรอก'!AQ9="Y"),"❌ Misc.",IF(AND('📝 Four-tier กรอก'!AN9<>'📝 Four-tier กรอก'!AN6,'📝 Four-tier กรอก'!AO9="N",'📝 Four-tier กรอก'!AP9<>'📝 Four-tier กรอก'!AP6,'📝 Four-tier กรอก'!AQ9="N"),"❓ NoK","🤔 Partial"))))) | N7: =IF(OR('📝 Four-tier กรอก'!AR9="",'📝 Four-tier กรอก'!AT9=""),"—",IF(AND('📝 Four-tier กรอก'!AR9='📝 Four-tier กรอก'!AR6,'📝 Four-tier กรอก'!AS9="Y",'📝 Four-tier กรอก'!AT9='📝 Four-tier กรอก'!AT6,'📝 Four-tier กรอก'!AU9="Y"),"✅ Sound",IF(AND('📝 Four-tier กรอก'!AR9='📝 Four-tier กรอก'!AR6,'📝 Four-tier กรอก'!AS9="Y",'📝 Four-tier กรอก'!AT9<>'📝 Four-tier กรอก'!AT6,'📝 Four-tier กรอก'!AU9="Y"),"🎲 Guess",IF(AND('📝 Four-tier กรอก'!AR9<>'📝 Four-tier กรอก'!AR6,'📝 Four-tier กรอก'!AS9="Y",'📝 Four-tier กรอก'!AT9<>'📝 Four-tier กรอก'!AT6,'📝 Four-tier กรอก'!AU9="Y"),"❌ Misc.",IF(AND('📝 Four-tier กรอก'!AR9<>'📝 Four-tier กรอก'!AR6,'📝 Four-tier กรอก'!AS9="N",'📝 Four-tier กรอก'!AT9<>'📝 Four-tier กรอก'!AT6,'📝 Four-tier กรอก'!AU9="N"),"❓ NoK","🤔 Partial"))))) | O7: =IF(OR('📝 Four-tier กรอก'!AV9="",'📝 Four-tier กรอก'!AX9=""),"—",IF(AND('📝 Four-tier กรอก'!AV9='📝 Four-tier กรอก'!AV6,'📝 Four-tier กรอก'!AW9="Y",'📝 Four-tier กรอก'!AX9='📝 Four-tier กรอก'!AX6,'📝 Four-tier กรอก'!AY9="Y"),"✅ Sound",IF(AND('📝 Four-tier กรอก'!AV9='📝 Four-tier กรอก'!AV6,'📝 Four-tier กรอก'!AW9="Y",'📝 Four-tier กรอก'!AX9<>'📝 Four-tier กรอก'!AX6,'📝 Four-tier กรอก'!AY9="Y"),"🎲 Guess",IF(AND('📝 Four-tier กรอก'!AV9<>'📝 Four-tier กรอก'!AV6,'📝 Four-tier กรอก'!AW9="Y",'📝 Four-tier กรอก'!AX9<>'📝 Four-tier กรอก'!AX6,'📝 Four-tier กรอก'!AY9="Y"),"❌ Misc.",IF(AND('📝 Four-tier กรอก'!AV9<>'📝 Four-tier กรอก'!AV6,'📝 Four-tier กรอก'!AW9="N",'📝 Four-tier กรอก'!AX9<>'📝 Four-tier กรอก'!AX6,'📝 Four-tier กรอก'!AY9="N"),"❓ NoK","🤔 Partial"))))) | P7: =IF(OR('📝 Four-tier กรอก'!AZ9="",'📝 Four-tier กรอก'!BB9=""),"—",IF(AND('📝 Four-tier กรอก'!AZ9='📝 Four-tier กรอก'!AZ6,'📝 Four-tier กรอก'!BA9="Y",'📝 Four-tier กรอก'!BB9='📝 Four-tier กรอก'!BB6,'📝 Four-tier กรอก'!BC9="Y"),"✅ Sound",IF(AND('📝 Four-tier กรอก'!AZ9='📝 Four-tier กรอก'!AZ6,'📝 Four-tier กรอก'!BA9="Y",'📝 Four-tier กรอก'!BB9<>'📝 Four-tier กรอก'!BB6,'📝 Four-tier กรอก'!BC9="Y"),"🎲 Guess",IF(AND('📝 Four-tier กรอก'!AZ9<>'📝 Four-tier กรอก'!AZ6,'📝 Four-tier กรอก'!BA9="Y",'📝 Four-tier กรอก'!BB9<>'📝 Four-tier กรอก'!BB6,'📝 Four-tier กรอก'!BC9="Y"),"❌ Misc.",IF(AND('📝 Four-tier กรอก'!AZ9<>'📝 Four-tier กรอก'!AZ6,'📝 Four-tier กรอก'!BA9="N",'📝 Four-tier กรอก'!BB9<>'📝 Four-tier กรอก'!BB6,'📝 Four-tier กรอก'!BC9="N"),"❓ NoK","🤔 Partial"))))) | Q7: =IF(OR('📝 Four-tier กรอก'!BD9="",'📝 Four-tier กรอก'!BF9=""),"—",IF(AND('📝 Four-tier กรอก'!BD9='📝 Four-tier กรอก'!BD6,'📝 Four-tier กรอก'!BE9="Y",'📝 Four-tier กรอก'!BF9='📝 Four-tier กรอก'!BF6,'📝 Four-tier กรอก'!BG9="Y"),"✅ Sound",IF(AND('📝 Four-tier กรอก'!BD9='📝 Four-tier กรอก'!BD6,'📝 Four-tier กรอก'!BE9="Y",'📝 Four-tier กรอก'!BF9<>'📝 Four-tier กรอก'!BF6,'📝 Four-tier กรอก'!BG9="Y"),"🎲 Guess",IF(AND('📝 Four-tier กรอก'!BD9<>'📝 Four-tier กรอก'!BD6,'📝 Four-tier กรอก'!BE9="Y",'📝 Four-tier กรอก'!BF9<>'📝 Four-tier กรอก'!BF6,'📝 Four-tier กรอก'!BG9="Y"),"❌ Misc.",IF(AND('📝 Four-tier กรอก'!BD9<>'📝 Four-tier กรอก'!BD6,'📝 Four-tier กรอก'!BE9="N",'📝 Four-tier กรอก'!BF9<>'📝 Four-tier กรอก'!BF6,'📝 Four-tier กรอก'!BG9="N"),"❓ NoK","🤔 Partial"))))) | R7: =IF(OR('📝 Four-tier กรอก'!BH9="",'📝 Four-tier กรอก'!BJ9=""),"—",IF(AND('📝 Four-tier กรอก'!BH9='📝 Four-tier กรอก'!BH6,'📝 Four-tier กรอก'!BI9="Y",'📝 Four-tier กรอก'!BJ9='📝 Four-tier กรอก'!BJ6,'📝 Four-tier กรอก'!BK9="Y"),"✅ Sound",IF(AND('📝 Four-tier กรอก'!BH9='📝 Four-tier กรอก'!BH6,'📝 Four-tier กรอก'!BI9="Y",'📝 Four-tier กรอก'!BJ9<>'📝 Four-tier กรอก'!BJ6,'📝 Four-tier กรอก'!BK9="Y"),"🎲 Guess",IF(AND('📝 Four-tier กรอก'!BH9<>'📝 Four-tier กรอก'!BH6,'📝 Four-tier กรอก'!BI9="Y",'📝 Four-tier กรอก'!BJ9<>'📝 Four-tier กรอก'!BJ6,'📝 Four-tier กรอก'!BK9="Y"),"❌ Misc.",IF(AND('📝 Four-tier กรอก'!BH9<>'📝 Four-tier กรอก'!BH6,'📝 Four-tier กรอก'!BI9="N",'📝 Four-tier กรอก'!BJ9<>'📝 Four-tier กรอก'!BJ6,'📝 Four-tier กรอก'!BK9="N"),"❓ NoK","🤔 Partial"))))) | S7: =IF(OR('📝 Four-tier กรอก'!BL9="",'📝 Four-tier กรอก'!BN9=""),"—",IF(AND('📝 Four-tier กรอก'!BL9='📝 Four-tier กรอก'!BL6,'📝 Four-tier กรอก'!BM9="Y",'📝 Four-tier กรอก'!BN9='📝 Four-tier กรอก'!BN6,'📝 Four-tier กรอก'!BO9="Y"),"✅ Sound",IF(AND('📝 Four-tier กรอก'!BL9='📝 Four-tier กรอก'!BL6,'📝 Four-tier กรอก'!BM9="Y",'📝 Four-tier กรอก'!BN9<>'📝 Four-tier กรอก'!BN6,'📝 Four-tier กรอก'!BO9="Y"),"🎲 Guess",IF(AND('📝 Four-tier กรอก'!BL9<>'📝 Four-tier กรอก'!BL6,'📝 Four-tier กรอก'!BM9="Y",'📝 Four-tier กรอก'!BN9<>'📝 Four-tier กรอก'!BN6,'📝 Four-tier กรอก'!BO9="Y"),"❌ Misc.",IF(AND('📝 Four-tier กรอก'!BL9<>'📝 Four-tier กรอก'!BL6,'📝 Four-tier กรอก'!BM9="N",'📝 Four-tier กรอก'!BN9<>'📝 Four-tier กรอก'!BN6,'📝 Four-tier กรอก'!BO9="N"),"❓ NoK","🤔 Partial"))))) | T7: =IF(OR('📝 Four-tier กรอก'!BP9="",'📝 Four-tier กรอก'!BR9=""),"—",IF(AND('📝 Four-tier กรอก'!BP9='📝 Four-tier กรอก'!BP6,'📝 Four-tier กรอก'!BQ9="Y",'📝 Four-tier กรอก'!BR9='📝 Four-tier กรอก'!BR6,'📝 Four-tier กรอก'!BS9="Y"),"✅ Sound",IF(AND('📝 Four-tier กรอก'!BP9='📝 Four-tier กรอก'!BP6,'📝 Four-tier กรอก'!BQ9="Y",'📝 Four-tier กรอก'!BR9<>'📝 Four-tier กรอก'!BR6,'📝 Four-tier กรอก'!BS9="Y"),"🎲 Guess",IF(AND('📝 Four-tier กรอก'!BP9<>'📝 Four-tier กรอก'!BP6,'📝 Four-tier กรอก'!BQ9="Y",'📝 Four-tier กรอก'!BR9<>'📝 Four-tier กรอก'!BR6,'📝 Four-tier กรอก'!BS9="Y"),"❌ Misc.",IF(AND('📝 Four-tier กรอก'!BP9<>'📝 Four-tier กรอก'!BP6,'📝 Four-tier กรอก'!BQ9="N",'📝 Four-tier กรอก'!BR9<>'📝 Four-tier กรอก'!BR6,'📝 Four-tier กรอก'!BS9="N"),"❓ NoK","🤔 Partial"))))) | U7: =IF(OR('📝 Four-tier กรอก'!BT9="",'📝 Four-tier กรอก'!BV9=""),"—",IF(AND('📝 Four-tier กรอก'!BT9='📝 Four-tier กรอก'!BT6,'📝 Four-tier กรอก'!BU9="Y",'📝 Four-tier กรอก'!BV9='📝 Four-tier กรอก'!BV6,'📝 Four-tier กรอก'!BW9="Y"),"✅ Sound",IF(AND('📝 Four-tier กรอก'!BT9='📝 Four-tier กรอก'!BT6,'📝 Four-tier กรอก'!BU9="Y",'📝 Four-tier กรอก'!BV9<>'📝 Four-tier กรอก'!BV6,'📝 Four-tier กรอก'!BW9="Y"),"🎲 Guess",IF(AND('📝 Four-tier กรอก'!BT9<>'📝 Four-tier กรอก'!BT6,'📝 Four-tier กรอก'!BU9="Y",'📝 Four-tier กรอก'!BV9<>'📝 Four-tier กรอก'!BV6,'📝 Four-tier กรอก'!BW9="Y"),"❌ Misc.",IF(AND('📝 Four-tier กรอก'!BT9<>'📝 Four-tier กรอก'!BT6,'📝 Four-tier กรอก'!BU9="N",'📝 Four-tier กรอก'!BV9<>'📝 Four-tier กรอก'!BV6,'📝 Four-tier กรอก'!BW9="N"),"❓ NoK","🤔 Partial"))))) | V7: =IF(OR('📝 Four-tier กรอก'!BX9="",'📝 Four-tier กรอก'!BZ9=""),"—",IF(AND('📝 Four-tier กรอก'!BX9='📝 Four-tier กรอก'!BX6,'📝 Four-tier กรอก'!BY9="Y",'📝 Four-tier กรอก'!BZ9='📝 Four-tier กรอก'!BZ6,'📝 Four-tier กรอก'!CA9="Y"),"✅ Sound",IF(AND('📝 Four-tier กรอก'!BX9='📝 Four-tier กรอก'!BX6,'📝 Four-tier กรอก'!BY9="Y",'📝 Four-tier กรอก'!BZ9<>'📝 Four-tier กรอก'!BZ6,'📝 Four-tier กรอก'!CA9="Y"),"🎲 Guess",IF(AND('📝 Four-tier กรอก'!BX9<>'📝 Four-tier กรอก'!BX6,'📝 Four-tier กรอก'!BY9="Y",'📝 Four-tier กรอก'!BZ9<>'📝 Four-tier กรอก'!BZ6,'📝 Four-tier กรอก'!CA9="Y"),"❌ Misc.",IF(AND('📝 Four-tier กรอก'!BX9<>'📝 Four-tier กรอก'!BX6,'📝 Four-tier กรอก'!BY9="N",'📝 Four-tier กรอก'!BZ9<>'📝 Four-tier กรอก'!BZ6,'📝 Four-tier กรอก'!CA9="N"),"❓ NoK","🤔 Partial"))))) | W7: =IF(OR('📝 Four-tier กรอก'!CB9="",'📝 Four-tier กรอก'!CD9=""),"—",IF(AND('📝 Four-tier กรอก'!CB9='📝 Four-tier กรอก'!CB6,'📝 Four-tier กรอก'!CC9="Y",'📝 Four-tier กรอก'!CD9='📝 Four-tier กรอก'!CD6,'📝 Four-tier กรอก'!CE9="Y"),"✅ Sound",IF(AND('📝 Four-tier กรอก'!CB9='📝 Four-tier กรอก'!CB6,'📝 Four-tier กรอก'!CC9="Y",'📝 Four-tier กรอก'!CD9<>'📝 Four-tier กรอก'!CD6,'📝 Four-tier กรอก'!CE9="Y"),"🎲 Guess",IF(AND('📝 Four-tier กรอก'!CB9<>'📝 Four-tier กรอก'!CB6,'📝 Four-tier กรอก'!CC9="Y",'📝 Four-tier กรอก'!CD9<>'📝 Four-tier กรอก'!CD6,'📝 Four-tier กรอก'!CE9="Y"),"❌ Misc.",IF(AND('📝 Four-tier กรอก'!CB9<>'📝 Four-tier กรอก'!CB6,'📝 Four-tier กรอก'!CC9="N",'📝 Four-tier กรอก'!CD9<>'📝 Four-tier กรอก'!CD6,'📝 Four-tier กรอก'!CE9="N"),"❓ NoK","🤔 Partial"))))) | X7: =COUNTIF(D7:W7,"✅ Sound") | Y7: =COUNTIF(D7:W7,"❌ Misc.") | Z7: =COUNTIF(D7:W7,"🎲 Guess") | AA7: =COUNTIF(D7:W7,"❓ NoK")
B8: ='📝 Four-tier กรอก'!B10 | C8: ='📝 Four-tier กรอก'!C10 | D8: =IF(OR('📝 Four-tier กรอก'!D10="",'📝 Four-tier กรอก'!F10=""),"—",IF(AND('📝 Four-tier กรอก'!D10='📝 Four-tier กรอก'!D6,'📝 Four-tier กรอก'!E10="Y",'📝 Four-tier กรอก'!F10='📝 Four-tier กรอก'!F6,'📝 Four-tier กรอก'!G10="Y"),"✅ Sound",IF(AND('📝 Four-tier กรอก'!D10='📝 Four-tier กรอก'!D6,'📝 Four-tier กรอก'!E10="Y",'📝 Four-tier กรอก'!F10<>'📝 Four-tier กรอก'!F6,'📝 Four-tier กรอก'!G10="Y"),"🎲 Guess",IF(AND('📝 Four-tier กรอก'!D10<>'📝 Four-tier กรอก'!D6,'📝 Four-tier กรอก'!E10="Y",'📝 Four-tier กรอก'!F10<>'📝 Four-tier กรอก'!F6,'📝 Four-tier กรอก'!G10="Y"),"❌ Misc.",IF(AND('📝 Four-tier กรอก'!D10<>'📝 Four-tier กรอก'!D6,'📝 Four-tier กรอก'!E10="N",'📝 Four-tier กรอก'!F10<>'📝 Four-tier กรอก'!F6,'📝 Four-tier กรอก'!G10="N"),"❓ NoK","🤔 Partial"))))) | E8: =IF(OR('📝 Four-tier กรอก'!H10="",'📝 Four-tier กรอก'!J10=""),"—",IF(AND('📝 Four-tier กรอก'!H10='📝 Four-tier กรอก'!H6,'📝 Four-tier กรอก'!I10="Y",'📝 Four-tier กรอก'!J10='📝 Four-tier กรอก'!J6,'📝 Four-tier กรอก'!K10="Y"),"✅ Sound",IF(AND('📝 Four-tier กรอก'!H10='📝 Four-tier กรอก'!H6,'📝 Four-tier กรอก'!I10="Y",'📝 Four-tier กรอก'!J10<>'📝 Four-tier กรอก'!J6,'📝 Four-tier กรอก'!K10="Y"),"🎲 Guess",IF(AND('📝 Four-tier กรอก'!H10<>'📝 Four-tier กรอก'!H6,'📝 Four-tier กรอก'!I10="Y",'📝 Four-tier กรอก'!J10<>'📝 Four-tier กรอก'!J6,'📝 Four-tier กรอก'!K10="Y"),"❌ Misc.",IF(AND('📝 Four-tier กรอก'!H10<>'📝 Four-tier กรอก'!H6,'📝 Four-tier กรอก'!I10="N",'📝 Four-tier กรอก'!J10<>'📝 Four-tier กรอก'!J6,'📝 Four-tier กรอก'!K10="N"),"❓ NoK","🤔 Partial"))))) | F8: =IF(OR('📝 Four-tier กรอก'!L10="",'📝 Four-tier กรอก'!N10=""),"—",IF(AND('📝 Four-tier กรอก'!L10='📝 Four-tier กรอก'!L6,'📝 Four-tier กรอก'!M10="Y",'📝 Four-tier กรอก'!N10='📝 Four-tier กรอก'!N6,'📝 Four-tier กรอก'!O10="Y"),"✅ Sound",IF(AND('📝 Four-tier กรอก'!L10='📝 Four-tier กรอก'!L6,'📝 Four-tier กรอก'!M10="Y",'📝 Four-tier กรอก'!N10<>'📝 Four-tier กรอก'!N6,'📝 Four-tier กรอก'!O10="Y"),"🎲 Guess",IF(AND('📝 Four-tier กรอก'!L10<>'📝 Four-tier กรอก'!L6,'📝 Four-tier กรอก'!M10="Y",'📝 Four-tier กรอก'!N10<>'📝 Four-tier กรอก'!N6,'📝 Four-tier กรอก'!O10="Y"),"❌ Misc.",IF(AND('📝 Four-tier กรอก'!L10<>'📝 Four-tier กรอก'!L6,'📝 Four-tier กรอก'!M10="N",'📝 Four-tier กรอก'!N10<>'📝 Four-tier กรอก'!N6,'📝 Four-tier กรอก'!O10="N"),"❓ NoK","🤔 Partial"))))) | G8: =IF(OR('📝 Four-tier กรอก'!P10="",'📝 Four-tier กรอก'!R10=""),"—",IF(AND('📝 Four-tier กรอก'!P10='📝 Four-tier กรอก'!P6,'📝 Four-tier กรอก'!Q10="Y",'📝 Four-tier กรอก'!R10='📝 Four-tier กรอก'!R6,'📝 Four-tier กรอก'!S10="Y"),"✅ Sound",IF(AND('📝 Four-tier กรอก'!P10='📝 Four-tier กรอก'!P6,'📝 Four-tier กรอก'!Q10="Y",'📝 Four-tier กรอก'!R10<>'📝 Four-tier กรอก'!R6,'📝 Four-tier กรอก'!S10="Y"),"🎲 Guess",IF(AND('📝 Four-tier กรอก'!P10<>'📝 Four-tier กรอก'!P6,'📝 Four-tier กรอก'!Q10="Y",'📝 Four-tier กรอก'!R10<>'📝 Four-tier กรอก'!R6,'📝 Four-tier กรอก'!S10="Y"),"❌ Misc.",IF(AND('📝 Four-tier กรอก'!P10<>'📝 Four-tier กรอก'!P6,'📝 Four-tier กรอก'!Q10="N",'📝 Four-tier กรอก'!R10<>'📝 Four-tier กรอก'!R6,'📝 Four-tier กรอก'!S10="N"),"❓ NoK","🤔 Partial"))))) | H8: =IF(OR('📝 Four-tier กรอก'!T10="",'📝 Four-tier กรอก'!V10=""),"—",IF(AND('📝 Four-tier กรอก'!T10='📝 Four-tier กรอก'!T6,'📝 Four-tier กรอก'!U10="Y",'📝 Four-tier กรอก'!V10='📝 Four-tier กรอก'!V6,'📝 Four-tier กรอก'!W10="Y"),"✅ Sound",IF(AND('📝 Four-tier กรอก'!T10='📝 Four-tier กรอก'!T6,'📝 Four-tier กรอก'!U10="Y",'📝 Four-tier กรอก'!V10<>'📝 Four-tier กรอก'!V6,'📝 Four-tier กรอก'!W10="Y"),"🎲 Guess",IF(AND('📝 Four-tier กรอก'!T10<>'📝 Four-tier กรอก'!T6,'📝 Four-tier กรอก'!U10="Y",'📝 Four-tier กรอก'!V10<>'📝 Four-tier กรอก'!V6,'📝 Four-tier กรอก'!W10="Y"),"❌ Misc.",IF(AND('📝 Four-tier กรอก'!T10<>'📝 Four-tier กรอก'!T6,'📝 Four-tier กรอก'!U10="N",'📝 Four-tier กรอก'!V10<>'📝 Four-tier กรอก'!V6,'📝 Four-tier กรอก'!W10="N"),"❓ NoK","🤔 Partial"))))) | I8: =IF(OR('📝 Four-tier กรอก'!X10="",'📝 Four-tier กรอก'!Z10=""),"—",IF(AND('📝 Four-tier กรอก'!X10='📝 Four-tier กรอก'!X6,'📝 Four-tier กรอก'!Y10="Y",'📝 Four-tier กรอก'!Z10='📝 Four-tier กรอก'!Z6,'📝 Four-tier กรอก'!AA10="Y"),"✅ Sound",IF(AND('📝 Four-tier กรอก'!X10='📝 Four-tier กรอก'!X6,'📝 Four-tier กรอก'!Y10="Y",'📝 Four-tier กรอก'!Z10<>'📝 Four-tier กรอก'!Z6,'📝 Four-tier กรอก'!AA10="Y"),"🎲 Guess",IF(AND('📝 Four-tier กรอก'!X10<>'📝 Four-tier กรอก'!X6,'📝 Four-tier กรอก'!Y10="Y",'📝 Four-tier กรอก'!Z10<>'📝 Four-tier กรอก'!Z6,'📝 Four-tier กรอก'!AA10="Y"),"❌ Misc.",IF(AND('📝 Four-tier กรอก'!X10<>'📝 Four-tier กรอก'!X6,'📝 Four-tier กรอก'!Y10="N",'📝 Four-tier กรอก'!Z10<>'📝 Four-tier กรอก'!Z6,'📝 Four-tier กรอก'!AA10="N"),"❓ NoK","🤔 Partial"))))) | J8: =IF(OR('📝 Four-tier กรอก'!AB10="",'📝 Four-tier กรอก'!AD10=""),"—",IF(AND('📝 Four-tier กรอก'!AB10='📝 Four-tier กรอก'!AB6,'📝 Four-tier กรอก'!AC10="Y",'📝 Four-tier กรอก'!AD10='📝 Four-tier กรอก'!AD6,'📝 Four-tier กรอก'!AE10="Y"),"✅ Sound",IF(AND('📝 Four-tier กรอก'!AB10='📝 Four-tier กรอก'!AB6,'📝 Four-tier กรอก'!AC10="Y",'📝 Four-tier กรอก'!AD10<>'📝 Four-tier กรอก'!AD6,'📝 Four-tier กรอก'!AE10="Y"),"🎲 Guess",IF(AND('📝 Four-tier กรอก'!AB10<>'📝 Four-tier กรอก'!AB6,'📝 Four-tier กรอก'!AC10="Y",'📝 Four-tier กรอก'!AD10<>'📝 Four-tier กรอก'!AD6,'📝 Four-tier กรอก'!AE10="Y"),"❌ Misc.",IF(AND('📝 Four-tier กรอก'!AB10<>'📝 Four-tier กรอก'!AB6,'📝 Four-tier กรอก'!AC10="N",'📝 Four-tier กรอก'!AD10<>'📝 Four-tier กรอก'!AD6,'📝 Four-tier กรอก'!AE10="N"),"❓ NoK","🤔 Partial"))))) | K8: =IF(OR('📝 Four-tier กรอก'!AF10="",'📝 Four-tier กรอก'!AH10=""),"—",IF(AND('📝 Four-tier กรอก'!AF10='📝 Four-tier กรอก'!AF6,'📝 Four-tier กรอก'!AG10="Y",'📝 Four-tier กรอก'!AH10='📝 Four-tier กรอก'!AH6,'📝 Four-tier กรอก'!AI10="Y"),"✅ Sound",IF(AND('📝 Four-tier กรอก'!AF10='📝 Four-tier กรอก'!AF6,'📝 Four-tier กรอก'!AG10="Y",'📝 Four-tier กรอก'!AH10<>'📝 Four-tier กรอก'!AH6,'📝 Four-tier กรอก'!AI10="Y"),"🎲 Guess",IF(AND('📝 Four-tier กรอก'!AF10<>'📝 Four-tier กรอก'!AF6,'📝 Four-tier กรอก'!AG10="Y",'📝 Four-tier กรอก'!AH10<>'📝 Four-tier กรอก'!AH6,'📝 Four-tier กรอก'!AI10="Y"),"❌ Misc.",IF(AND('📝 Four-tier กรอก'!AF10<>'📝 Four-tier กรอก'!AF6,'📝 Four-tier กรอก'!AG10="N",'📝 Four-tier กรอก'!AH10<>'📝 Four-tier กรอก'!AH6,'📝 Four-tier กรอก'!AI10="N"),"❓ NoK","🤔 Partial"))))) | L8: =IF(OR('📝 Four-tier กรอก'!AJ10="",'📝 Four-tier กรอก'!AL10=""),"—",IF(AND('📝 Four-tier กรอก'!AJ10='📝 Four-tier กรอก'!AJ6,'📝 Four-tier กรอก'!AK10="Y",'📝 Four-tier กรอก'!AL10='📝 Four-tier กรอก'!AL6,'📝 Four-tier กรอก'!AM10="Y"),"✅ Sound",IF(AND('📝 Four-tier กรอก'!AJ10='📝 Four-tier กรอก'!AJ6,'📝 Four-tier กรอก'!AK10="Y",'📝 Four-tier กรอก'!AL10<>'📝 Four-tier กรอก'!AL6,'📝 Four-tier กรอก'!AM10="Y"),"🎲 Guess",IF(AND('📝 Four-tier กรอก'!AJ10<>'📝 Four-tier กรอก'!AJ6,'📝 Four-tier กรอก'!AK10="Y",'📝 Four-tier กรอก'!AL10<>'📝 Four-tier กรอก'!AL6,'📝 Four-tier กรอก'!AM10="Y"),"❌ Misc.",IF(AND('📝 Four-tier กรอก'!AJ10<>'📝 Four-tier กรอก'!AJ6,'📝 Four-tier กรอก'!AK10="N",'📝 Four-tier กรอก'!AL10<>'📝 Four-tier กรอก'!AL6,'📝 Four-tier กรอก'!AM10="N"),"❓ NoK","🤔 Partial"))))) | M8: =IF(OR('📝 Four-tier กรอก'!AN10="",'📝 Four-tier กรอก'!AP10=""),"—",IF(AND('📝 Four-tier กรอก'!AN10='📝 Four-tier กรอก'!AN6,'📝 Four-tier กรอก'!AO10="Y",'📝 Four-tier กรอก'!AP10='📝 Four-tier กรอก'!AP6,'📝 Four-tier กรอก'!AQ10="Y"),"✅ Sound",IF(AND('📝 Four-tier กรอก'!AN10='📝 Four-tier กรอก'!AN6,'📝 Four-tier กรอก'!AO10="Y",'📝 Four-tier กรอก'!AP10<>'📝 Four-tier กรอก'!AP6,'📝 Four-tier กรอก'!AQ10="Y"),"🎲 Guess",IF(AND('📝 Four-tier กรอก'!AN10<>'📝 Four-tier กรอก'!AN6,'📝 Four-tier กรอก'!AO10="Y",'📝 Four-tier กรอก'!AP10<>'📝 Four-tier กรอก'!AP6,'📝 Four-tier กรอก'!AQ10="Y"),"❌ Misc.",IF(AND('📝 Four-tier กรอก'!AN10<>'📝 Four-tier กรอก'!AN6,'📝 Four-tier กรอก'!AO10="N",'📝 Four-tier กรอก'!AP10<>'📝 Four-tier กรอก'!AP6,'📝 Four-tier กรอก'!AQ10="N"),"❓ NoK","🤔 Partial"))))) | N8: =IF(OR('📝 Four-tier กรอก'!AR10="",'📝 Four-tier กรอก'!AT10=""),"—",IF(AND('📝 Four-tier กรอก'!AR10='📝 Four-tier กรอก'!AR6,'📝 Four-tier กรอก'!AS10="Y",'📝 Four-tier กรอก'!AT10='📝 Four-tier กรอก'!AT6,'📝 Four-tier กรอก'!AU10="Y"),"✅ Sound",IF(AND('📝 Four-tier กรอก'!AR10='📝 Four-tier กรอก'!AR6,'📝 Four-tier กรอก'!AS10="Y",'📝 Four-tier กรอก'!AT10<>'📝 Four-tier กรอก'!AT6,'📝 Four-tier กรอก'!AU10="Y"),"🎲 Guess",IF(AND('📝 Four-tier กรอก'!AR10<>'📝 Four-tier กรอก'!AR6,'📝 Four-tier กรอก'!AS10="Y",'📝 Four-tier กรอก'!AT10<>'📝 Four-tier กรอก'!AT6,'📝 Four-tier กรอก'!AU10="Y"),"❌ Misc.",IF(AND('📝 Four-tier กรอก'!AR10<>'📝 Four-tier กรอก'!AR6,'📝 Four-tier กรอก'!AS10="N",'📝 Four-tier กรอก'!AT10<>'📝 Four-tier กรอก'!AT6,'📝 Four-tier กรอก'!AU10="N"),"❓ NoK","🤔 Partial"))))) | O8: =IF(OR('📝 Four-tier กรอก'!AV10="",'📝 Four-tier กรอก'!AX10=""),"—",IF(AND('📝 Four-tier กรอก'!AV10='📝 Four-tier กรอก'!AV6,'📝 Four-tier กรอก'!AW10="Y",'📝 Four-tier กรอก'!AX10='📝 Four-tier กรอก'!AX6,'📝 Four-tier กรอก'!AY10="Y"),"✅ Sound",IF(AND('📝 Four-tier กรอก'!AV10='📝 Four-tier กรอก'!AV6,'📝 Four-tier กรอก'!AW10="Y",'📝 Four-tier กรอก'!AX10<>'📝 Four-tier กรอก'!AX6,'📝 Four-tier กรอก'!AY10="Y"),"🎲 Guess",IF(AND('📝 Four-tier กรอก'!AV10<>'📝 Four-tier กรอก'!AV6,'📝 Four-tier กรอก'!AW10="Y",'📝 Four-tier กรอก'!AX10<>'📝 Four-tier กรอก'!AX6,'📝 Four-tier กรอก'!AY10="Y"),"❌ Misc.",IF(AND('📝 Four-tier กรอก'!AV10<>'📝 Four-tier กรอก'!AV6,'📝 Four-tier กรอก'!AW10="N",'📝 Four-tier กรอก'!AX10<>'📝 Four-tier กรอก'!AX6,'📝 Four-tier กรอก'!AY10="N"),"❓ NoK","🤔 Partial"))))) | P8: =IF(OR('📝 Four-tier กรอก'!AZ10="",'📝 Four-tier กรอก'!BB10=""),"—",IF(AND('📝 Four-tier กรอก'!AZ10='📝 Four-tier กรอก'!AZ6,'📝 Four-tier กรอก'!BA10="Y",'📝 Four-tier กรอก'!BB10='📝 Four-tier กรอก'!BB6,'📝 Four-tier กรอก'!BC10="Y"),"✅ Sound",IF(AND('📝 Four-tier กรอก'!AZ10='📝 Four-tier กรอก'!AZ6,'📝 Four-tier กรอก'!BA10="Y",'📝 Four-tier กรอก'!BB10<>'📝 Four-tier กรอก'!BB6,'📝 Four-tier กรอก'!BC10="Y"),"🎲 Guess",IF(AND('📝 Four-tier กรอก'!AZ10<>'📝 Four-tier กรอก'!AZ6,'📝 Four-tier กรอก'!BA10="Y",'📝 Four-tier กรอก'!BB10<>'📝 Four-tier กรอก'!BB6,'📝 Four-tier กรอก'!BC10="Y"),"❌ Misc.",IF(AND('📝 Four-tier กรอก'!AZ10<>'📝 Four-tier กรอก'!AZ6,'📝 Four-tier กรอก'!BA10="N",'📝 Four-tier กรอก'!BB10<>'📝 Four-tier กรอก'!BB6,'📝 Four-tier กรอก'!BC10="N"),"❓ NoK","🤔 Partial"))))) | Q8: =IF(OR('📝 Four-tier กรอก'!BD10="",'📝 Four-tier กรอก'!BF10=""),"—",IF(AND('📝 Four-tier กรอก'!BD10='📝 Four-tier กรอก'!BD6,'📝 Four-tier กรอก'!BE10="Y",'📝 Four-tier กรอก'!BF10='📝 Four-tier กรอก'!BF6,'📝 Four-tier กรอก'!BG10="Y"),"✅ Sound",IF(AND('📝 Four-tier กรอก'!BD10='📝 Four-tier กรอก'!BD6,'📝 Four-tier กรอก'!BE10="Y",'📝 Four-tier กรอก'!BF10<>'📝 Four-tier กรอก'!BF6,'📝 Four-tier กรอก'!BG10="Y"),"🎲 Guess",IF(AND('📝 Four-tier กรอก'!BD10<>'📝 Four-tier กรอก'!BD6,'📝 Four-tier กรอก'!BE10="Y",'📝 Four-tier กรอก'!BF10<>'📝 Four-tier กรอก'!BF6,'📝 Four-tier กรอก'!BG10="Y"),"❌ Misc.",IF(AND('📝 Four-tier กรอก'!BD10<>'📝 Four-tier กรอก'!BD6,'📝 Four-tier กรอก'!BE10="N",'📝 Four-tier กรอก'!BF10<>'📝 Four-tier กรอก'!BF6,'📝 Four-tier กรอก'!BG10="N"),"❓ NoK","🤔 Partial"))))) | R8: =IF(OR('📝 Four-tier กรอก'!BH10="",'📝 Four-tier กรอก'!BJ10=""),"—",IF(AND('📝 Four-tier กรอก'!BH10='📝 Four-tier กรอก'!BH6,'📝 Four-tier กรอก'!BI10="Y",'📝 Four-tier กรอก'!BJ10='📝 Four-tier กรอก'!BJ6,'📝 Four-tier กรอก'!BK10="Y"),"✅ Sound",IF(AND('📝 Four-tier กรอก'!BH10='📝 Four-tier กรอก'!BH6,'📝 Four-tier กรอก'!BI10="Y",'📝 Four-tier กรอก'!BJ10<>'📝 Four-tier กรอก'!BJ6,'📝 Four-tier กรอก'!BK10="Y"),"🎲 Guess",IF(AND('📝 Four-tier กรอก'!BH10<>'📝 Four-tier กรอก'!BH6,'📝 Four-tier กรอก'!BI10="Y",'📝 Four-tier กรอก'!BJ10<>'📝 Four-tier กรอก'!BJ6,'📝 Four-tier กรอก'!BK10="Y"),"❌ Misc.",IF(AND('📝 Four-tier กรอก'!BH10<>'📝 Four-tier กรอก'!BH6,'📝 Four-tier กรอก'!BI10="N",'📝 Four-tier กรอก'!BJ10<>'📝 Four-tier กรอก'!BJ6,'📝 Four-tier กรอก'!BK10="N"),"❓ NoK","🤔 Partial"))))) | S8: =IF(OR('📝 Four-tier กรอก'!BL10="",'📝 Four-tier กรอก'!BN10=""),"—",IF(AND('📝 Four-tier กรอก'!BL10='📝 Four-tier กรอก'!BL6,'📝 Four-tier กรอก'!BM10="Y",'📝 Four-tier กรอก'!BN10='📝 Four-tier กรอก'!BN6,'📝 Four-tier กรอก'!BO10="Y"),"✅ Sound",IF(AND('📝 Four-tier กรอก'!BL10='📝 Four-tier กรอก'!BL6,'📝 Four-tier กรอก'!BM10="Y",'📝 Four-tier กรอก'!BN10<>'📝 Four-tier กรอก'!BN6,'📝 Four-tier กรอก'!BO10="Y"),"🎲 Guess",IF(AND('📝 Four-tier กรอก'!BL10<>'📝 Four-tier กรอก'!BL6,'📝 Four-tier กรอก'!BM10="Y",'📝 Four-tier กรอก'!BN10<>'📝 Four-tier กรอก'!BN6,'📝 Four-tier กรอก'!BO10="Y"),"❌ Misc.",IF(AND('📝 Four-tier กรอก'!BL10<>'📝 Four-tier กรอก'!BL6,'📝 Four-tier กรอก'!BM10="N",'📝 Four-tier กรอก'!BN10<>'📝 Four-tier กรอก'!BN6,'📝 Four-tier กรอก'!BO10="N"),"❓ NoK","🤔 Partial"))))) | T8: =IF(OR('📝 Four-tier กรอก'!BP10="",'📝 Four-tier กรอก'!BR10=""),"—",IF(AND('📝 Four-tier กรอก'!BP10='📝 Four-tier กรอก'!BP6,'📝 Four-tier กรอก'!BQ10="Y",'📝 Four-tier กรอก'!BR10='📝 Four-tier กรอก'!BR6,'📝 Four-tier กรอก'!BS10="Y"),"✅ Sound",IF(AND('📝 Four-tier กรอก'!BP10='📝 Four-tier กรอก'!BP6,'📝 Four-tier กรอก'!BQ10="Y",'📝 Four-tier กรอก'!BR10<>'📝 Four-tier กรอก'!BR6,'📝 Four-tier กรอก'!BS10="Y"),"🎲 Guess",IF(AND('📝 Four-tier กรอก'!BP10<>'📝 Four-tier กรอก'!BP6,'📝 Four-tier กรอก'!BQ10="Y",'📝 Four-tier กรอก'!BR10<>'📝 Four-tier กรอก'!BR6,'📝 Four-tier กรอก'!BS10="Y"),"❌ Misc.",IF(AND('📝 Four-tier กรอก'!BP10<>'📝 Four-tier กรอก'!BP6,'📝 Four-tier กรอก'!BQ10="N",'📝 Four-tier กรอก'!BR10<>'📝 Four-tier กรอก'!BR6,'📝 Four-tier กรอก'!BS10="N"),"❓ NoK","🤔 Partial"))))) | U8: =IF(OR('📝 Four-tier กรอก'!BT10="",'📝 Four-tier กรอก'!BV10=""),"—",IF(AND('📝 Four-tier กรอก'!BT10='📝 Four-tier กรอก'!BT6,'📝 Four-tier กรอก'!BU10="Y",'📝 Four-tier กรอก'!BV10='📝 Four-tier กรอก'!BV6,'📝 Four-tier กรอก'!BW10="Y"),"✅ Sound",IF(AND('📝 Four-tier กรอก'!BT10='📝 Four-tier กรอก'!BT6,'📝 Four-tier กรอก'!BU10="Y",'📝 Four-tier กรอก'!BV10<>'📝 Four-tier กรอก'!BV6,'📝 Four-tier กรอก'!BW10="Y"),"🎲 Guess",IF(AND('📝 Four-tier กรอก'!BT10<>'📝 Four-tier กรอก'!BT6,'📝 Four-tier กรอก'!BU10="Y",'📝 Four-tier กรอก'!BV10<>'📝 Four-tier กรอก'!BV6,'📝 Four-tier กรอก'!BW10="Y"),"❌ Misc.",IF(AND('📝 Four-tier กรอก'!BT10<>'📝 Four-tier กรอก'!BT6,'📝 Four-tier กรอก'!BU10="N",'📝 Four-tier กรอก'!BV10<>'📝 Four-tier กรอก'!BV6,'📝 Four-tier กรอก'!BW10="N"),"❓ NoK","🤔 Partial"))))) | V8: =IF(OR('📝 Four-tier กรอก'!BX10="",'📝 Four-tier กรอก'!BZ10=""),"—",IF(AND('📝 Four-tier กรอก'!BX10='📝 Four-tier กรอก'!BX6,'📝 Four-tier กรอก'!BY10="Y",'📝 Four-tier กรอก'!BZ10='📝 Four-tier กรอก'!BZ6,'📝 Four-tier กรอก'!CA10="Y"),"✅ Sound",IF(AND('📝 Four-tier กรอก'!BX10='📝 Four-tier กรอก'!BX6,'📝 Four-tier กรอก'!BY10="Y",'📝 Four-tier กรอก'!BZ10<>'📝 Four-tier กรอก'!BZ6,'📝 Four-tier กรอก'!CA10="Y"),"🎲 Guess",IF(AND('📝 Four-tier กรอก'!BX10<>'📝 Four-tier กรอก'!BX6,'📝 Four-tier กรอก'!BY10="Y",'📝 Four-tier กรอก'!BZ10<>'📝 Four-tier กรอก'!BZ6,'📝 Four-tier กรอก'!CA10="Y"),"❌ Misc.",IF(AND('📝 Four-tier กรอก'!BX10<>'📝 Four-tier กรอก'!BX6,'📝 Four-tier กรอก'!BY10="N",'📝 Four-tier กรอก'!BZ10<>'📝 Four-tier กรอก'!BZ6,'📝 Four-tier กรอก'!CA10="N"),"❓ NoK","🤔 Partial"))))) | W8: =IF(OR('📝 Four-tier กรอก'!CB10="",'📝 Four-tier กรอก'!CD10=""),"—",IF(AND('📝 Four-tier กรอก'!CB10='📝 Four-tier กรอก'!CB6,'📝 Four-tier กรอก'!CC10="Y",'📝 Four-tier กรอก'!CD10='📝 Four-tier กรอก'!CD6,'📝 Four-tier กรอก'!CE10="Y"),"✅ Sound",IF(AND('📝 Four-tier กรอก'!CB10='📝 Four-tier กรอก'!CB6,'📝 Four-tier กรอก'!CC10="Y",'📝 Four-tier กรอก'!CD10<>'📝 Four-tier กรอก'!CD6,'📝 Four-tier กรอก'!CE10="Y"),"🎲 Guess",IF(AND('📝 Four-tier กรอก'!CB10<>'📝 Four-tier กรอก'!CB6,'📝 Four-tier กรอก'!CC10="Y",'📝 Four-tier กรอก'!CD10<>'📝 Four-tier กรอก'!CD6,'📝 Four-tier กรอก'!CE10="Y"),"❌ Misc.",IF(AND('📝 Four-tier กรอก'!CB10<>'📝 Four-tier กรอก'!CB6,'📝 Four-tier กรอก'!CC10="N",'📝 Four-tier กรอก'!CD10<>'📝 Four-tier กรอก'!CD6,'📝 Four-tier กรอก'!CE10="N"),"❓ NoK","🤔 Partial"))))) | X8: =COUNTIF(D8:W8,"✅ Sound") | Y8: =COUNTIF(D8:W8,"❌ Misc.") | Z8: =COUNTIF(D8:W8,"🎲 Guess") | AA8: =COUNTIF(D8:W8,"❓ NoK")
B9: ='📝 Four-tier กรอก'!B11 | C9: ='📝 Four-tier กรอก'!C11 | D9: =IF(OR('📝 Four-tier กรอก'!D11="",'📝 Four-tier กรอก'!F11=""),"—",IF(AND('📝 Four-tier กรอก'!D11='📝 Four-tier กรอก'!D6,'📝 Four-tier กรอก'!E11="Y",'📝 Four-tier กรอก'!F11='📝 Four-tier กรอก'!F6,'📝 Four-tier กรอก'!G11="Y"),"✅ Sound",IF(AND('📝 Four-tier กรอก'!D11='📝 Four-tier กรอก'!D6,'📝 Four-tier กรอก'!E11="Y",'📝 Four-tier กรอก'!F11<>'📝 Four-tier กรอก'!F6,'📝 Four-tier กรอก'!G11="Y"),"🎲 Guess",IF(AND('📝 Four-tier กรอก'!D11<>'📝 Four-tier กรอก'!D6,'📝 Four-tier กรอก'!E11="Y",'📝 Four-tier กรอก'!F11<>'📝 Four-tier กรอก'!F6,'📝 Four-tier กรอก'!G11="Y"),"❌ Misc.",IF(AND('📝 Four-tier กรอก'!D11<>'📝 Four-tier กรอก'!D6,'📝 Four-tier กรอก'!E11="N",'📝 Four-tier กรอก'!F11<>'📝 Four-tier กรอก'!F6,'📝 Four-tier กรอก'!G11="N"),"❓ NoK","🤔 Partial"))))) | E9: =IF(OR('📝 Four-tier กรอก'!H11="",'📝 Four-tier กรอก'!J11=""),"—",IF(AND('📝 Four-tier กรอก'!H11='📝 Four-tier กรอก'!H6,'📝 Four-tier กรอก'!I11="Y",'📝 Four-tier กรอก'!J11='📝 Four-tier กรอก'!J6,'📝 Four-tier กรอก'!K11="Y"),"✅ Sound",IF(AND('📝 Four-tier กรอก'!H11='📝 Four-tier กรอก'!H6,'📝 Four-tier กรอก'!I11="Y",'📝 Four-tier กรอก'!J11<>'📝 Four-tier กรอก'!J6,'📝 Four-tier กรอก'!K11="Y"),"🎲 Guess",IF(AND('📝 Four-tier กรอก'!H11<>'📝 Four-tier กรอก'!H6,'📝 Four-tier กรอก'!I11="Y",'📝 Four-tier กรอก'!J11<>'📝 Four-tier กรอก'!J6,'📝 Four-tier กรอก'!K11="Y"),"❌ Misc.",IF(AND('📝 Four-tier กรอก'!H11<>'📝 Four-tier กรอก'!H6,'📝 Four-tier กรอก'!I11="N",'📝 Four-tier กรอก'!J11<>'📝 Four-tier กรอก'!J6,'📝 Four-tier กรอก'!K11="N"),"❓ NoK","🤔 Partial"))))) | F9: =IF(OR('📝 Four-tier กรอก'!L11="",'📝 Four-tier กรอก'!N11=""),"—",IF(AND('📝 Four-tier กรอก'!L11='📝 Four-tier กรอก'!L6,'📝 Four-tier กรอก'!M11="Y",'📝 Four-tier กรอก'!N11='📝 Four-tier กรอก'!N6,'📝 Four-tier กรอก'!O11="Y"),"✅ Sound",IF(AND('📝 Four-tier กรอก'!L11='📝 Four-tier กรอก'!L6,'📝 Four-tier กรอก'!M11="Y",'📝 Four-tier กรอก'!N11<>'📝 Four-tier กรอก'!N6,'📝 Four-tier กรอก'!O11="Y"),"🎲 Guess",IF(AND('📝 Four-tier กรอก'!L11<>'📝 Four-tier กรอก'!L6,'📝 Four-tier กรอก'!M11="Y",'📝 Four-tier กรอก'!N11<>'📝 Four-tier กรอก'!N6,'📝 Four-tier กรอก'!O11="Y"),"❌ Misc.",IF(AND('📝 Four-tier กรอก'!L11<>'📝 Four-tier กรอก'!L6,'📝 Four-tier กรอก'!M11="N",'📝 Four-tier กรอก'!N11<>'📝 Four-tier กรอก'!N6,'📝 Four-tier กรอก'!O11="N"),"❓ NoK","🤔 Partial"))))) | G9: =IF(OR('📝 Four-tier กรอก'!P11="",'📝 Four-tier กรอก'!R11=""),"—",IF(AND('📝 Four-tier กรอก'!P11='📝 Four-tier กรอก'!P6,'📝 Four-tier กรอก'!Q11="Y",'📝 Four-tier กรอก'!R11='📝 Four-tier กรอก'!R6,'📝 Four-tier กรอก'!S11="Y"),"✅ Sound",IF(AND('📝 Four-tier กรอก'!P11='📝 Four-tier กรอก'!P6,'📝 Four-tier กรอก'!Q11="Y",'📝 Four-tier กรอก'!R11<>'📝 Four-tier กรอก'!R6,'📝 Four-tier กรอก'!S11="Y"),"🎲 Guess",IF(AND('📝 Four-tier กรอก'!P11<>'📝 Four-tier กรอก'!P6,'📝 Four-tier กรอก'!Q11="Y",'📝 Four-tier กรอก'!R11<>'📝 Four-tier กรอก'!R6,'📝 Four-tier กรอก'!S11="Y"),"❌ Misc.",IF(AND('📝 Four-tier กรอก'!P11<>'📝 Four-tier กรอก'!P6,'📝 Four-tier กรอก'!Q11="N",'📝 Four-tier กรอก'!R11<>'📝 Four-tier กรอก'!R6,'📝 Four-tier กรอก'!S11="N"),"❓ NoK","🤔 Partial"))))) | H9: =IF(OR('📝 Four-tier กรอก'!T11="",'📝 Four-tier กรอก'!V11=""),"—",IF(AND('📝 Four-tier กรอก'!T11='📝 Four-tier กรอก'!T6,'📝 Four-tier กรอก'!U11="Y",'📝 Four-tier กรอก'!V11='📝 Four-tier กรอก'!V6,'📝 Four-tier กรอก'!W11="Y"),"✅ Sound",IF(AND('📝 Four-tier กรอก'!T11='📝 Four-tier กรอก'!T6,'📝 Four-tier กรอก'!U11="Y",'📝 Four-tier กรอก'!V11<>'📝 Four-tier กรอก'!V6,'📝 Four-tier กรอก'!W11="Y"),"🎲 Guess",IF(AND('📝 Four-tier กรอก'!T11<>'📝 Four-tier กรอก'!T6,'📝 Four-tier กรอก'!U11="Y",'📝 Four-tier กรอก'!V11<>'📝 Four-tier กรอก'!V6,'📝 Four-tier กรอก'!W11="Y"),"❌ Misc.",IF(AND('📝 Four-tier กรอก'!T11<>'📝 Four-tier กรอก'!T6,'📝 Four-tier กรอก'!U11="N",'📝 Four-tier กรอก'!V11<>'📝 Four-tier กรอก'!V6,'📝 Four-tier กรอก'!W11="N"),"❓ NoK","🤔 Partial"))))) | I9: =IF(OR('📝 Four-tier กรอก'!X11="",'📝 Four-tier กรอก'!Z11=""),"—",IF(AND('📝 Four-tier กรอก'!X11='📝 Four-tier กรอก'!X6,'📝 Four-tier กรอก'!Y11="Y",'📝 Four-tier กรอก'!Z11='📝 Four-tier กรอก'!Z6,'📝 Four-tier กรอก'!AA11="Y"),"✅ Sound",IF(AND('📝 Four-tier กรอก'!X11='📝 Four-tier กรอก'!X6,'📝 Four-tier กรอก'!Y11="Y",'📝 Four-tier กรอก'!Z11<>'📝 Four-tier กรอก'!Z6,'📝 Four-tier กรอก'!AA11="Y"),"🎲 Guess",IF(AND('📝 Four-tier กรอก'!X11<>'📝 Four-tier กรอก'!X6,'📝 Four-tier กรอก'!Y11="Y",'📝 Four-tier กรอก'!Z11<>'📝 Four-tier กรอก'!Z6,'📝 Four-tier กรอก'!AA11="Y"),"❌ Misc.",IF(AND('📝 Four-tier กรอก'!X11<>'📝 Four-tier กรอก'!X6,'📝 Four-tier กรอก'!Y11="N",'📝 Four-tier กรอก'!Z11<>'📝 Four-tier กรอก'!Z6,'📝 Four-tier กรอก'!AA11="N"),"❓ NoK","🤔 Partial"))))) | J9: =IF(OR('📝 Four-tier กรอก'!AB11="",'📝 Four-tier กรอก'!AD11=""),"—",IF(AND('📝 Four-tier กรอก'!AB11='📝 Four-tier กรอก'!AB6,'📝 Four-tier กรอก'!AC11="Y",'📝 Four-tier กรอก'!AD11='📝 Four-tier กรอก'!AD6,'📝 Four-tier กรอก'!AE11="Y"),"✅ Sound",IF(AND('📝 Four-tier กรอก'!AB11='📝 Four-tier กรอก'!AB6,'📝 Four-tier กรอก'!AC11="Y",'📝 Four-tier กรอก'!AD11<>'📝 Four-tier กรอก'!AD6,'📝 Four-tier กรอก'!AE11="Y"),"🎲 Guess",IF(AND('📝 Four-tier กรอก'!AB11<>'📝 Four-tier กรอก'!AB6,'📝 Four-tier กรอก'!AC11="Y",'📝 Four-tier กรอก'!AD11<>'📝 Four-tier กรอก'!AD6,'📝 Four-tier กรอก'!AE11="Y"),"❌ Misc.",IF(AND('📝 Four-tier กรอก'!AB11<>'📝 Four-tier กรอก'!AB6,'📝 Four-tier กรอก'!AC11="N",'📝 Four-tier กรอก'!AD11<>'📝 Four-tier กรอก'!AD6,'📝 Four-tier กรอก'!AE11="N"),"❓ NoK","🤔 Partial"))))) | K9: =IF(OR('📝 Four-tier กรอก'!AF11="",'📝 Four-tier กรอก'!AH11=""),"—",IF(AND('📝 Four-tier กรอก'!AF11='📝 Four-tier กรอก'!AF6,'📝 Four-tier กรอก'!AG11="Y",'📝 Four-tier กรอก'!AH11='📝 Four-tier กรอก'!AH6,'📝 Four-tier กรอก'!AI11="Y"),"✅ Sound",IF(AND('📝 Four-tier กรอก'!AF11='📝 Four-tier กรอก'!AF6,'📝 Four-tier กรอก'!AG11="Y",'📝 Four-tier กรอก'!AH11<>'📝 Four-tier กรอก'!AH6,'📝 Four-tier กรอก'!AI11="Y"),"🎲 Guess",IF(AND('📝 Four-tier กรอก'!AF11<>'📝 Four-tier กรอก'!AF6,'📝 Four-tier กรอก'!AG11="Y",'📝 Four-tier กรอก'!AH11<>'📝 Four-tier กรอก'!AH6,'📝 Four-tier กรอก'!AI11="Y"),"❌ Misc.",IF(AND('📝 Four-tier กรอก'!AF11<>'📝 Four-tier กรอก'!AF6,'📝 Four-tier กรอก'!AG11="N",'📝 Four-tier กรอก'!AH11<>'📝 Four-tier กรอก'!AH6,'📝 Four-tier กรอก'!AI11="N"),"❓ NoK","🤔 Partial"))))) | L9: =IF(OR('📝 Four-tier กรอก'!AJ11="",'📝 Four-tier กรอก'!AL11=""),"—",IF(AND('📝 Four-tier กรอก'!AJ11='📝 Four-tier กรอก'!AJ6,'📝 Four-tier กรอก'!AK11="Y",'📝 Four-tier กรอก'!AL11='📝 Four-tier กรอก'!AL6,'📝 Four-tier กรอก'!AM11="Y"),"✅ Sound",IF(AND('📝 Four-tier กรอก'!AJ11='📝 Four-tier กรอก'!AJ6,'📝 Four-tier กรอก'!AK11="Y",'📝 Four-tier กรอก'!AL11<>'📝 Four-tier กรอก'!AL6,'📝 Four-tier กรอก'!AM11="Y"),"🎲 Guess",IF(AND('📝 Four-tier กรอก'!AJ11<>'📝 Four-tier กรอก'!AJ6,'📝 Four-tier กรอก'!AK11="Y",'📝 Four-tier กรอก'!AL11<>'📝 Four-tier กรอก'!AL6,'📝 Four-tier กรอก'!AM11="Y"),"❌ Misc.",IF(AND('📝 Four-tier กรอก'!AJ11<>'📝 Four-tier กรอก'!AJ6,'📝 Four-tier กรอก'!AK11="N",'📝 Four-tier กรอก'!AL11<>'📝 Four-tier กรอก'!AL6,'📝 Four-tier กรอก'!AM11="N"),"❓ NoK","🤔 Partial"))))) | M9: =IF(OR('📝 Four-tier กรอก'!AN11="",'📝 Four-tier กรอก'!AP11=""),"—",IF(AND('📝 Four-tier กรอก'!AN11='📝 Four-tier กรอก'!AN6,'📝 Four-tier กรอก'!AO11="Y",'📝 Four-tier กรอก'!AP11='📝 Four-tier กรอก'!AP6,'📝 Four-tier กรอก'!AQ11="Y"),"✅ Sound",IF(AND('📝 Four-tier กรอก'!AN11='📝 Four-tier กรอก'!AN6,'📝 Four-tier กรอก'!AO11="Y",'📝 Four-tier กรอก'!AP11<>'📝 Four-tier กรอก'!AP6,'📝 Four-tier กรอก'!AQ11="Y"),"🎲 Guess",IF(AND('📝 Four-tier กรอก'!AN11<>'📝 Four-tier กรอก'!AN6,'📝 Four-tier กรอก'!AO11="Y",'📝 Four-tier กรอก'!AP11<>'📝 Four-tier กรอก'!AP6,'📝 Four-tier กรอก'!AQ11="Y"),"❌ Misc.",IF(AND('📝 Four-tier กรอก'!AN11<>'📝 Four-tier กรอก'!AN6,'📝 Four-tier กรอก'!AO11="N",'📝 Four-tier กรอก'!AP11<>'📝 Four-tier กรอก'!AP6,'📝 Four-tier กรอก'!AQ11="N"),"❓ NoK","🤔 Partial"))))) | N9: =IF(OR('📝 Four-tier กรอก'!AR11="",'📝 Four-tier กรอก'!AT11=""),"—",IF(AND('📝 Four-tier กรอก'!AR11='📝 Four-tier กรอก'!AR6,'📝 Four-tier กรอก'!AS11="Y",'📝 Four-tier กรอก'!AT11='📝 Four-tier กรอก'!AT6,'📝 Four-tier กรอก'!AU11="Y"),"✅ Sound",IF(AND('📝 Four-tier กรอก'!AR11='📝 Four-tier กรอก'!AR6,'📝 Four-tier กรอก'!AS11="Y",'📝 Four-tier กรอก'!AT11<>'📝 Four-tier กรอก'!AT6,'📝 Four-tier กรอก'!AU11="Y"),"🎲 Guess",IF(AND('📝 Four-tier กรอก'!AR11<>'📝 Four-tier กรอก'!AR6,'📝 Four-tier กรอก'!AS11="Y",'📝 Four-tier กรอก'!AT11<>'📝 Four-tier กรอก'!AT6,'📝 Four-tier กรอก'!AU11="Y"),"❌ Misc.",IF(AND('📝 Four-tier กรอก'!AR11<>'📝 Four-tier กรอก'!AR6,'📝 Four-tier กรอก'!AS11="N",'📝 Four-tier กรอก'!AT11<>'📝 Four-tier กรอก'!AT6,'📝 Four-tier กรอก'!AU11="N"),"❓ NoK","🤔 Partial"))))) | O9: =IF(OR('📝 Four-tier กรอก'!AV11="",'📝 Four-tier กรอก'!AX11=""),"—",IF(AND('📝 Four-tier กรอก'!AV11='📝 Four-tier กรอก'!AV6,'📝 Four-tier กรอก'!AW11="Y",'📝 Four-tier กรอก'!AX11='📝 Four-tier กรอก'!AX6,'📝 Four-tier กรอก'!AY11="Y"),"✅ Sound",IF(AND('📝 Four-tier กรอก'!AV11='📝 Four-tier กรอก'!AV6,'📝 Four-tier กรอก'!AW11="Y",'📝 Four-tier กรอก'!AX11<>'📝 Four-tier กรอก'!AX6,'📝 Four-tier กรอก'!AY11="Y"),"🎲 Guess",IF(AND('📝 Four-tier กรอก'!AV11<>'📝 Four-tier กรอก'!AV6,'📝 Four-tier กรอก'!AW11="Y",'📝 Four-tier กรอก'!AX11<>'📝 Four-tier กรอก'!AX6,'📝 Four-tier กรอก'!AY11="Y"),"❌ Misc.",IF(AND('📝 Four-tier กรอก'!AV11<>'📝 Four-tier กรอก'!AV6,'📝 Four-tier กรอก'!AW11="N",'📝 Four-tier กรอก'!AX11<>'📝 Four-tier กรอก'!AX6,'📝 Four-tier กรอก'!AY11="N"),"❓ NoK","🤔 Partial"))))) | P9: =IF(OR('📝 Four-tier กรอก'!AZ11="",'📝 Four-tier กรอก'!BB11=""),"—",IF(AND('📝 Four-tier กรอก'!AZ11='📝 Four-tier กรอก'!AZ6,'📝 Four-tier กรอก'!BA11="Y",'📝 Four-tier กรอก'!BB11='📝 Four-tier กรอก'!BB6,'📝 Four-tier กรอก'!BC11="Y"),"✅ Sound",IF(AND('📝 Four-tier กรอก'!AZ11='📝 Four-tier กรอก'!AZ6,'📝 Four-tier กรอก'!BA11="Y",'📝 Four-tier กรอก'!BB11<>'📝 Four-tier กรอก'!BB6,'📝 Four-tier กรอก'!BC11="Y"),"🎲 Guess",IF(AND('📝 Four-tier กรอก'!AZ11<>'📝 Four-tier กรอก'!AZ6,'📝 Four-tier กรอก'!BA11="Y",'📝 Four-tier กรอก'!BB11<>'📝 Four-tier กรอก'!BB6,'📝 Four-tier กรอก'!BC11="Y"),"❌ Misc.",IF(AND('📝 Four-tier กรอก'!AZ11<>'📝 Four-tier กรอก'!AZ6,'📝 Four-tier กรอก'!BA11="N",'📝 Four-tier กรอก'!BB11<>'📝 Four-tier กรอก'!BB6,'📝 Four-tier กรอก'!BC11="N"),"❓ NoK","🤔 Partial"))))) | Q9: =IF(OR('📝 Four-tier กรอก'!BD11="",'📝 Four-tier กรอก'!BF11=""),"—",IF(AND('📝 Four-tier กรอก'!BD11='📝 Four-tier กรอก'!BD6,'📝 Four-tier กรอก'!BE11="Y",'📝 Four-tier กรอก'!BF11='📝 Four-tier กรอก'!BF6,'📝 Four-tier กรอก'!BG11="Y"),"✅ Sound",IF(AND('📝 Four-tier กรอก'!BD11='📝 Four-tier กรอก'!BD6,'📝 Four-tier กรอก'!BE11="Y",'📝 Four-tier กรอก'!BF11<>'📝 Four-tier กรอก'!BF6,'📝 Four-tier กรอก'!BG11="Y"),"🎲 Guess",IF(AND('📝 Four-tier กรอก'!BD11<>'📝 Four-tier กรอก'!BD6,'📝 Four-tier กรอก'!BE11="Y",'📝 Four-tier กรอก'!BF11<>'📝 Four-tier กรอก'!BF6,'📝 Four-tier กรอก'!BG11="Y"),"❌ Misc.",IF(AND('📝 Four-tier กรอก'!BD11<>'📝 Four-tier กรอก'!BD6,'📝 Four-tier กรอก'!BE11="N",'📝 Four-tier กรอก'!BF11<>'📝 Four-tier กรอก'!BF6,'📝 Four-tier กรอก'!BG11="N"),"❓ NoK","🤔 Partial"))))) | R9: =IF(OR('📝 Four-tier กรอก'!BH11="",'📝 Four-tier กรอก'!BJ11=""),"—",IF(AND('📝 Four-tier กรอก'!BH11='📝 Four-tier กรอก'!BH6,'📝 Four-tier กรอก'!BI11="Y",'📝 Four-tier กรอก'!BJ11='📝 Four-tier กรอก'!BJ6,'📝 Four-tier กรอก'!BK11="Y"),"✅ Sound",IF(AND('📝 Four-tier กรอก'!BH11='📝 Four-tier กรอก'!BH6,'📝 Four-tier กรอก'!BI11="Y",'📝 Four-tier กรอก'!BJ11<>'📝 Four-tier กรอก'!BJ6,'📝 Four-tier กรอก'!BK11="Y"),"🎲 Guess",IF(AND('📝 Four-tier กรอก'!BH11<>'📝 Four-tier กรอก'!BH6,'📝 Four-tier กรอก'!BI11="Y",'📝 Four-tier กรอก'!BJ11<>'📝 Four-tier กรอก'!BJ6,'📝 Four-tier กรอก'!BK11="Y"),"❌ Misc.",IF(AND('📝 Four-tier กรอก'!BH11<>'📝 Four-tier กรอก'!BH6,'📝 Four-tier กรอก'!BI11="N",'📝 Four-tier กรอก'!BJ11<>'📝 Four-tier กรอก'!BJ6,'📝 Four-tier กรอก'!BK11="N"),"❓ NoK","🤔 Partial"))))) | S9: =IF(OR('📝 Four-tier กรอก'!BL11="",'📝 Four-tier กรอก'!BN11=""),"—",IF(AND('📝 Four-tier กรอก'!BL11='📝 Four-tier กรอก'!BL6,'📝 Four-tier กรอก'!BM11="Y",'📝 Four-tier กรอก'!BN11='📝 Four-tier กรอก'!BN6,'📝 Four-tier กรอก'!BO11="Y"),"✅ Sound",IF(AND('📝 Four-tier กรอก'!BL11='📝 Four-tier กรอก'!BL6,'📝 Four-tier กรอก'!BM11="Y",'📝 Four-tier กรอก'!BN11<>'📝 Four-tier กรอก'!BN6,'📝 Four-tier กรอก'!BO11="Y"),"🎲 Guess",IF(AND('📝 Four-tier กรอก'!BL11<>'📝 Four-tier กรอก'!BL6,'📝 Four-tier กรอก'!BM11="Y",'📝 Four-tier กรอก'!BN11<>'📝 Four-tier กรอก'!BN6,'📝 Four-tier กรอก'!BO11="Y"),"❌ Misc.",IF(AND('📝 Four-tier กรอก'!BL11<>'📝 Four-tier กรอก'!BL6,'📝 Four-tier กรอก'!BM11="N",'📝 Four-tier กรอก'!BN11<>'📝 Four-tier กรอก'!BN6,'📝 Four-tier กรอก'!BO11="N"),"❓ NoK","🤔 Partial"))))) | T9: =IF(OR('📝 Four-tier กรอก'!BP11="",'📝 Four-tier กรอก'!BR11=""),"—",IF(AND('📝 Four-tier กรอก'!BP11='📝 Four-tier กรอก'!BP6,'📝 Four-tier กรอก'!BQ11="Y",'📝 Four-tier กรอก'!BR11='📝 Four-tier กรอก'!BR6,'📝 Four-tier กรอก'!BS11="Y"),"✅ Sound",IF(AND('📝 Four-tier กรอก'!BP11='📝 Four-tier กรอก'!BP6,'📝 Four-tier กรอก'!BQ11="Y",'📝 Four-tier กรอก'!BR11<>'📝 Four-tier กรอก'!BR6,'📝 Four-tier กรอก'!BS11="Y"),"🎲 Guess",IF(AND('📝 Four-tier กรอก'!BP11<>'📝 Four-tier กรอก'!BP6,'📝 Four-tier กรอก'!BQ11="Y",'📝 Four-tier กรอก'!BR11<>'📝 Four-tier กรอก'!BR6,'📝 Four-tier กรอก'!BS11="Y"),"❌ Misc.",IF(AND('📝 Four-tier กรอก'!BP11<>'📝 Four-tier กรอก'!BP6,'📝 Four-tier กรอก'!BQ11="N",'📝 Four-tier กรอก'!BR11<>'📝 Four-tier กรอก'!BR6,'📝 Four-tier กรอก'!BS11="N"),"❓ NoK","🤔 Partial"))))) | U9: =IF(OR('📝 Four-tier กรอก'!BT11="",'📝 Four-tier กรอก'!BV11=""),"—",IF(AND('📝 Four-tier กรอก'!BT11='📝 Four-tier กรอก'!BT6,'📝 Four-tier กรอก'!BU11="Y",'📝 Four-tier กรอก'!BV11='📝 Four-tier กรอก'!BV6,'📝 Four-tier กรอก'!BW11="Y"),"✅ Sound",IF(AND('📝 Four-tier กรอก'!BT11='📝 Four-tier กรอก'!BT6,'📝 Four-tier กรอก'!BU11="Y",'📝 Four-tier กรอก'!BV11<>'📝 Four-tier กรอก'!BV6,'📝 Four-tier กรอก'!BW11="Y"),"🎲 Guess",IF(AND('📝 Four-tier กรอก'!BT11<>'📝 Four-tier กรอก'!BT6,'📝 Four-tier กรอก'!BU11="Y",'📝 Four-tier กรอก'!BV11<>'📝 Four-tier กรอก'!BV6,'📝 Four-tier กรอก'!BW11="Y"),"❌ Misc.",IF(AND('📝 Four-tier กรอก'!BT11<>'📝 Four-tier กรอก'!BT6,'📝 Four-tier กรอก'!BU11="N",'📝 Four-tier กรอก'!BV11<>'📝 Four-tier กรอก'!BV6,'📝 Four-tier กรอก'!BW11="N"),"❓ NoK","🤔 Partial"))))) | V9: =IF(OR('📝 Four-tier กรอก'!BX11="",'📝 Four-tier กรอก'!BZ11=""),"—",IF(AND('📝 Four-tier กรอก'!BX11='📝 Four-tier กรอก'!BX6,'📝 Four-tier กรอก'!BY11="Y",'📝 Four-tier กรอก'!BZ11='📝 Four-tier กรอก'!BZ6,'📝 Four-tier กรอก'!CA11="Y"),"✅ Sound",IF(AND('📝 Four-tier กรอก'!BX11='📝 Four-tier กรอก'!BX6,'📝 Four-tier กรอก'!BY11="Y",'📝 Four-tier กรอก'!BZ11<>'📝 Four-tier กรอก'!BZ6,'📝 Four-tier กรอก'!CA11="Y"),"🎲 Guess",IF(AND('📝 Four-tier กรอก'!BX11<>'📝 Four-tier กรอก'!BX6,'📝 Four-tier กรอก'!BY11="Y",'📝 Four-tier กรอก'!BZ11<>'📝 Four-tier กรอก'!BZ6,'📝 Four-tier กรอก'!CA11="Y"),"❌ Misc.",IF(AND('📝 Four-tier กรอก'!BX11<>'📝 Four-tier กรอก'!BX6,'📝 Four-tier กรอก'!BY11="N",'📝 Four-tier กรอก'!BZ11<>'📝 Four-tier กรอก'!BZ6,'📝 Four-tier กรอก'!CA11="N"),"❓ NoK","🤔 Partial"))))) | W9: =IF(OR('📝 Four-tier กรอก'!CB11="",'📝 Four-tier กรอก'!CD11=""),"—",IF(AND('📝 Four-tier กรอก'!CB11='📝 Four-tier กรอก'!CB6,'📝 Four-tier กรอก'!CC11="Y",'📝 Four-tier กรอก'!CD11='📝 Four-tier กรอก'!CD6,'📝 Four-tier กรอก'!CE11="Y"),"✅ Sound",IF(AND('📝 Four-tier กรอก'!CB11='📝 Four-tier กรอก'!CB6,'📝 Four-tier กรอก'!CC11="Y",'📝 Four-tier กรอก'!CD11<>'📝 Four-tier กรอก'!CD6,'📝 Four-tier กรอก'!CE11="Y"),"🎲 Guess",IF(AND('📝 Four-tier กรอก'!CB11<>'📝 Four-tier กรอก'!CB6,'📝 Four-tier กรอก'!CC11="Y",'📝 Four-tier กรอก'!CD11<>'📝 Four-tier กรอก'!CD6,'📝 Four-tier กรอก'!CE11="Y"),"❌ Misc.",IF(AND('📝 Four-tier กรอก'!CB11<>'📝 Four-tier กรอก'!CB6,'📝 Four-tier กรอก'!CC11="N",'📝 Four-tier กรอก'!CD11<>'📝 Four-tier กรอก'!CD6,'📝 Four-tier กรอก'!CE11="N"),"❓ NoK","🤔 Partial"))))) | X9: =COUNTIF(D9:W9,"✅ Sound") | Y9: =COUNTIF(D9:W9,"❌ Misc.") | Z9: =COUNTIF(D9:W9,"🎲 Guess") | AA9: =COUNTIF(D9:W9,"❓ NoK")
B10: ='📝 Four-tier กรอก'!B12 | C10: ='📝 Four-tier กรอก'!C12 | D10: =IF(OR('📝 Four-tier กรอก'!D12="",'📝 Four-tier กรอก'!F12=""),"—",IF(AND('📝 Four-tier กรอก'!D12='📝 Four-tier กรอก'!D6,'📝 Four-tier กรอก'!E12="Y",'📝 Four-tier กรอก'!F12='📝 Four-tier กรอก'!F6,'📝 Four-tier กรอก'!G12="Y"),"✅ Sound",IF(AND('📝 Four-tier กรอก'!D12='📝 Four-tier กรอก'!D6,'📝 Four-tier กรอก'!E12="Y",'📝 Four-tier กรอก'!F12<>'📝 Four-tier กรอก'!F6,'📝 Four-tier กรอก'!G12="Y"),"🎲 Guess",IF(AND('📝 Four-tier กรอก'!D12<>'📝 Four-tier กรอก'!D6,'📝 Four-tier กรอก'!E12="Y",'📝 Four-tier กรอก'!F12<>'📝 Four-tier กรอก'!F6,'📝 Four-tier กรอก'!G12="Y"),"❌ Misc.",IF(AND('📝 Four-tier กรอก'!D12<>'📝 Four-tier กรอก'!D6,'📝 Four-tier กรอก'!E12="N",'📝 Four-tier กรอก'!F12<>'📝 Four-tier กรอก'!F6,'📝 Four-tier กรอก'!G12="N"),"❓ NoK","🤔 Partial"))))) | E10: =IF(OR('📝 Four-tier กรอก'!H12="",'📝 Four-tier กรอก'!J12=""),"—",IF(AND('📝 Four-tier กรอก'!H12='📝 Four-tier กรอก'!H6,'📝 Four-tier กรอก'!I12="Y",'📝 Four-tier กรอก'!J12='📝 Four-tier กรอก'!J6,'📝 Four-tier กรอก'!K12="Y"),"✅ Sound",IF(AND('📝 Four-tier กรอก'!H12='📝 Four-tier กรอก'!H6,'📝 Four-tier กรอก'!I12="Y",'📝 Four-tier กรอก'!J12<>'📝 Four-tier กรอก'!J6,'📝 Four-tier กรอก'!K12="Y"),"🎲 Guess",IF(AND('📝 Four-tier กรอก'!H12<>'📝 Four-tier กรอก'!H6,'📝 Four-tier กรอก'!I12="Y",'📝 Four-tier กรอก'!J12<>'📝 Four-tier กรอก'!J6,'📝 Four-tier กรอก'!K12="Y"),"❌ Misc.",IF(AND('📝 Four-tier กรอก'!H12<>'📝 Four-tier กรอก'!H6,'📝 Four-tier กรอก'!I12="N",'📝 Four-tier กรอก'!J12<>'📝 Four-tier กรอก'!J6,'📝 Four-tier กรอก'!K12="N"),"❓ NoK","🤔 Partial"))))) | F10: =IF(OR('📝 Four-tier กรอก'!L12="",'📝 Four-tier กรอก'!N12=""),"—",IF(AND('📝 Four-tier กรอก'!L12='📝 Four-tier กรอก'!L6,'📝 Four-tier กรอก'!M12="Y",'📝 Four-tier กรอก'!N12='📝 Four-tier กรอก'!N6,'📝 Four-tier กรอก'!O12="Y"),"✅ Sound",IF(AND('📝 Four-tier กรอก'!L12='📝 Four-tier กรอก'!L6,'📝 Four-tier กรอก'!M12="Y",'📝 Four-tier กรอก'!N12<>'📝 Four-tier กรอก'!N6,'📝 Four-tier กรอก'!O12="Y"),"🎲 Guess",IF(AND('📝 Four-tier กรอก'!L12<>'📝 Four-tier กรอก'!L6,'📝 Four-tier กรอก'!M12="Y",'📝 Four-tier กรอก'!N12<>'📝 Four-tier กรอก'!N6,'📝 Four-tier กรอก'!O12="Y"),"❌ Misc.",IF(AND('📝 Four-tier กรอก'!L12<>'📝 Four-tier กรอก'!L6,'📝 Four-tier กรอก'!M12="N",'📝 Four-tier กรอก'!N12<>'📝 Four-tier กรอก'!N6,'📝 Four-tier กรอก'!O12="N"),"❓ NoK","🤔 Partial"))))) | G10: =IF(OR('📝 Four-tier กรอก'!P12="",'📝 Four-tier กรอก'!R12=""),"—",IF(AND('📝 Four-tier กรอก'!P12='📝 Four-tier กรอก'!P6,'📝 Four-tier กรอก'!Q12="Y",'📝 Four-tier กรอก'!R12='📝 Four-tier กรอก'!R6,'📝 Four-tier กรอก'!S12="Y"),"✅ Sound",IF(AND('📝 Four-tier กรอก'!P12='📝 Four-tier กรอก'!P6,'📝 Four-tier กรอก'!Q12="Y",'📝 Four-tier กรอก'!R12<>'📝 Four-tier กรอก'!R6,'📝 Four-tier กรอก'!S12="Y"),"🎲 Guess",IF(AND('📝 Four-tier กรอก'!P12<>'📝 Four-tier กรอก'!P6,'📝 Four-tier กรอก'!Q12="Y",'📝 Four-tier กรอก'!R12<>'📝 Four-tier กรอก'!R6,'📝 Four-tier กรอก'!S12="Y"),"❌ Misc.",IF(AND('📝 Four-tier กรอก'!P12<>'📝 Four-tier กรอก'!P6,'📝 Four-tier กรอก'!Q12="N",'📝 Four-tier กรอก'!R12<>'📝 Four-tier กรอก'!R6,'📝 Four-tier กรอก'!S12="N"),"❓ NoK","🤔 Partial"))))) | H10: =IF(OR('📝 Four-tier กรอก'!T12="",'📝 Four-tier กรอก'!V12=""),"—",IF(AND('📝 Four-tier กรอก'!T12='📝 Four-tier กรอก'!T6,'📝 Four-tier กรอก'!U12="Y",'📝 Four-tier กรอก'!V12='📝 Four-tier กรอก'!V6,'📝 Four-tier กรอก'!W12="Y"),"✅ Sound",IF(AND('📝 Four-tier กรอก'!T12='📝 Four-tier กรอก'!T6,'📝 Four-tier กรอก'!U12="Y",'📝 Four-tier กรอก'!V12<>'📝 Four-tier กรอก'!V6,'📝 Four-tier กรอก'!W12="Y"),"🎲 Guess",IF(AND('📝 Four-tier กรอก'!T12<>'📝 Four-tier กรอก'!T6,'📝 Four-tier กรอก'!U12="Y",'📝 Four-tier กรอก'!V12<>'📝 Four-tier กรอก'!V6,'📝 Four-tier กรอก'!W12="Y"),"❌ Misc.",IF(AND('📝 Four-tier กรอก'!T12<>'📝 Four-tier กรอก'!T6,'📝 Four-tier กรอก'!U12="N",'📝 Four-tier กรอก'!V12<>'📝 Four-tier กรอก'!V6,'📝 Four-tier กรอก'!W12="N"),"❓ NoK","🤔 Partial"))))) | I10: =IF(OR('📝 Four-tier กรอก'!X12="",'📝 Four-tier กรอก'!Z12=""),"—",IF(AND('📝 Four-tier กรอก'!X12='📝 Four-tier กรอก'!X6,'📝 Four-tier กรอก'!Y12="Y",'📝 Four-tier กรอก'!Z12='📝 Four-tier กรอก'!Z6,'📝 Four-tier กรอก'!AA12="Y"),"✅ Sound",IF(AND('📝 Four-tier กรอก'!X12='📝 Four-tier กรอก'!X6,'📝 Four-tier กรอก'!Y12="Y",'📝 Four-tier กรอก'!Z12<>'📝 Four-tier กรอก'!Z6,'📝 Four-tier กรอก'!AA12="Y"),"🎲 Guess",IF(AND('📝 Four-tier กรอก'!X12<>'📝 Four-tier กรอก'!X6,'📝 Four-tier กรอก'!Y12="Y",'📝 Four-tier กรอก'!Z12<>'📝 Four-tier กรอก'!Z6,'📝 Four-tier กรอก'!AA12="Y"),"❌ Misc.",IF(AND('📝 Four-tier กรอก'!X12<>'📝 Four-tier กรอก'!X6,'📝 Four-tier กรอก'!Y12="N",'📝 Four-tier กรอก'!Z12<>'📝 Four-tier กรอก'!Z6,'📝 Four-tier กรอก'!AA12="N"),"❓ NoK","🤔 Partial"))))) | J10: =IF(OR('📝 Four-tier กรอก'!AB12="",'📝 Four-tier กรอก'!AD12=""),"—",IF(AND('📝 Four-tier กรอก'!AB12='📝 Four-tier กรอก'!AB6,'📝 Four-tier กรอก'!AC12="Y",'📝 Four-tier กรอก'!AD12='📝 Four-tier กรอก'!AD6,'📝 Four-tier กรอก'!AE12="Y"),"✅ Sound",IF(AND('📝 Four-tier กรอก'!AB12='📝 Four-tier กรอก'!AB6,'📝 Four-tier กรอก'!AC12="Y",'📝 Four-tier กรอก'!AD12<>'📝 Four-tier กรอก'!AD6,'📝 Four-tier กรอก'!AE12="Y"),"🎲 Guess",IF(AND('📝 Four-tier กรอก'!AB12<>'📝 Four-tier กรอก'!AB6,'📝 Four-tier กรอก'!AC12="Y",'📝 Four-tier กรอก'!AD12<>'📝 Four-tier กรอก'!AD6,'📝 Four-tier กรอก'!AE12="Y"),"❌ Misc.",IF(AND('📝 Four-tier กรอก'!AB12<>'📝 Four-tier กรอก'!AB6,'📝 Four-tier กรอก'!AC12="N",'📝 Four-tier กรอก'!AD12<>'📝 Four-tier กรอก'!AD6,'📝 Four-tier กรอก'!AE12="N"),"❓ NoK","🤔 Partial"))))) | K10: =IF(OR('📝 Four-tier กรอก'!AF12="",'📝 Four-tier กรอก'!AH12=""),"—",IF(AND('📝 Four-tier กรอก'!AF12='📝 Four-tier กรอก'!AF6,'📝 Four-tier กรอก'!AG12="Y",'📝 Four-tier กรอก'!AH12='📝 Four-tier กรอก'!AH6,'📝 Four-tier กรอก'!AI12="Y"),"✅ Sound",IF(AND('📝 Four-tier กรอก'!AF12='📝 Four-tier กรอก'!AF6,'📝 Four-tier กรอก'!AG12="Y",'📝 Four-tier กรอก'!AH12<>'📝 Four-tier กรอก'!AH6,'📝 Four-tier กรอก'!AI12="Y"),"🎲 Guess",IF(AND('📝 Four-tier กรอก'!AF12<>'📝 Four-tier กรอก'!AF6,'📝 Four-tier กรอก'!AG12="Y",'📝 Four-tier กรอก'!AH12<>'📝 Four-tier กรอก'!AH6,'📝 Four-tier กรอก'!AI12="Y"),"❌ Misc.",IF(AND('📝 Four-tier กรอก'!AF12<>'📝 Four-tier กรอก'!AF6,'📝 Four-tier กรอก'!AG12="N",'📝 Four-tier กรอก'!AH12<>'📝 Four-tier กรอก'!AH6,'📝 Four-tier กรอก'!AI12="N"),"❓ NoK","🤔 Partial"))))) | L10: =IF(OR('📝 Four-tier กรอก'!AJ12="",'📝 Four-tier กรอก'!AL12=""),"—",IF(AND('📝 Four-tier กรอก'!AJ12='📝 Four-tier กรอก'!AJ6,'📝 Four-tier กรอก'!AK12="Y",'📝 Four-tier กรอก'!AL12='📝 Four-tier กรอก'!AL6,'📝 Four-tier กรอก'!AM12="Y"),"✅ Sound",IF(AND('📝 Four-tier กรอก'!AJ12='📝 Four-tier กรอก'!AJ6,'📝 Four-tier กรอก'!AK12="Y",'📝 Four-tier กรอก'!AL12<>'📝 Four-tier กรอก'!AL6,'📝 Four-tier กรอก'!AM12="Y"),"🎲 Guess",IF(AND('📝 Four-tier กรอก'!AJ12<>'📝 Four-tier กรอก'!AJ6,'📝 Four-tier กรอก'!AK12="Y",'📝 Four-tier กรอก'!AL12<>'📝 Four-tier กรอก'!AL6,'📝 Four-tier กรอก'!AM12="Y"),"❌ Misc.",IF(AND('📝 Four-tier กรอก'!AJ12<>'📝 Four-tier กรอก'!AJ6,'📝 Four-tier กรอก'!AK12="N",'📝 Four-tier กรอก'!AL12<>'📝 Four-tier กรอก'!AL6,'📝 Four-tier กรอก'!AM12="N"),"❓ NoK","🤔 Partial"))))) | M10: =IF(OR('📝 Four-tier กรอก'!AN12="",'📝 Four-tier กรอก'!AP12=""),"—",IF(AND('📝 Four-tier กรอก'!AN12='📝 Four-tier กรอก'!AN6,'📝 Four-tier กรอก'!AO12="Y",'📝 Four-tier กรอก'!AP12='📝 Four-tier กรอก'!AP6,'📝 Four-tier กรอก'!AQ12="Y"),"✅ Sound",IF(AND('📝 Four-tier กรอก'!AN12='📝 Four-tier กรอก'!AN6,'📝 Four-tier กรอก'!AO12="Y",'📝 Four-tier กรอก'!AP12<>'📝 Four-tier กรอก'!AP6,'📝 Four-tier กรอก'!AQ12="Y"),"🎲 Guess",IF(AND('📝 Four-tier กรอก'!AN12<>'📝 Four-tier กรอก'!AN6,'📝 Four-tier กรอก'!AO12="Y",'📝 Four-tier กรอก'!AP12<>'📝 Four-tier กรอก'!AP6,'📝 Four-tier กรอก'!AQ12="Y"),"❌ Misc.",IF(AND('📝 Four-tier กรอก'!AN12<>'📝 Four-tier กรอก'!AN6,'📝 Four-tier กรอก'!AO12="N",'📝 Four-tier กรอก'!AP12<>'📝 Four-tier กรอก'!AP6,'📝 Four-tier กรอก'!AQ12="N"),"❓ NoK","🤔 Partial"))))) | N10: =IF(OR('📝 Four-tier กรอก'!AR12="",'📝 Four-tier กรอก'!AT12=""),"—",IF(AND('📝 Four-tier กรอก'!AR12='📝 Four-tier กรอก'!AR6,'📝 Four-tier กรอก'!AS12="Y",'📝 Four-tier กรอก'!AT12='📝 Four-tier กรอก'!AT6,'📝 Four-tier กรอก'!AU12="Y"),"✅ Sound",IF(AND('📝 Four-tier กรอก'!AR12='📝 Four-tier กรอก'!AR6,'📝 Four-tier กรอก'!AS12="Y",'📝 Four-tier กรอก'!AT12<>'📝 Four-tier กรอก'!AT6,'📝 Four-tier กรอก'!AU12="Y"),"🎲 Guess",IF(AND('📝 Four-tier กรอก'!AR12<>'📝 Four-tier กรอก'!AR6,'📝 Four-tier กรอก'!AS12="Y",'📝 Four-tier กรอก'!AT12<>'📝 Four-tier กรอก'!AT6,'📝 Four-tier กรอก'!AU12="Y"),"❌ Misc.",IF(AND('📝 Four-tier กรอก'!AR12<>'📝 Four-tier กรอก'!AR6,'📝 Four-tier กรอก'!AS12="N",'📝 Four-tier กรอก'!AT12<>'📝 Four-tier กรอก'!AT6,'📝 Four-tier กรอก'!AU12="N"),"❓ NoK","🤔 Partial"))))) | O10: =IF(OR('📝 Four-tier กรอก'!AV12="",'📝 Four-tier กรอก'!AX12=""),"—",IF(AND('📝 Four-tier กรอก'!AV12='📝 Four-tier กรอก'!AV6,'📝 Four-tier กรอก'!AW12="Y",'📝 Four-tier กรอก'!AX12='📝 Four-tier กรอก'!AX6,'📝 Four-tier กรอก'!AY12="Y"),"✅ Sound",IF(AND('📝 Four-tier กรอก'!AV12='📝 Four-tier กรอก'!AV6,'📝 Four-tier กรอก'!AW12="Y",'📝 Four-tier กรอก'!AX12<>'📝 Four-tier กรอก'!AX6,'📝 Four-tier กรอก'!AY12="Y"),"🎲 Guess",IF(AND('📝 Four-tier กรอก'!AV12<>'📝 Four-tier กรอก'!AV6,'📝 Four-tier กรอก'!AW12="Y",'📝 Four-tier กรอก'!AX12<>'📝 Four-tier กรอก'!AX6,'📝 Four-tier กรอก'!AY12="Y"),"❌ Misc.",IF(AND('📝 Four-tier กรอก'!AV12<>'📝 Four-tier กรอก'!AV6,'📝 Four-tier กรอก'!AW12="N",'📝 Four-tier กรอก'!AX12<>'📝 Four-tier กรอก'!AX6,'📝 Four-tier กรอก'!AY12="N"),"❓ NoK","🤔 Partial"))))) | P10: =IF(OR('📝 Four-tier กรอก'!AZ12="",'📝 Four-tier กรอก'!BB12=""),"—",IF(AND('📝 Four-tier กรอก'!AZ12='📝 Four-tier กรอก'!AZ6,'📝 Four-tier กรอก'!BA12="Y",'📝 Four-tier กรอก'!BB12='📝 Four-tier กรอก'!BB6,'📝 Four-tier กรอก'!BC12="Y"),"✅ Sound",IF(AND('📝 Four-tier กรอก'!AZ12='📝 Four-tier กรอก'!AZ6,'📝 Four-tier กรอก'!BA12="Y",'📝 Four-tier กรอก'!BB12<>'📝 Four-tier กรอก'!BB6,'📝 Four-tier กรอก'!BC12="Y"),"🎲 Guess",IF(AND('📝 Four-tier กรอก'!AZ12<>'📝 Four-tier กรอก'!AZ6,'📝 Four-tier กรอก'!BA12="Y",'📝 Four-tier กรอก'!BB12<>'📝 Four-tier กรอก'!BB6,'📝 Four-tier กรอก'!BC12="Y"),"❌ Misc.",IF(AND('📝 Four-tier กรอก'!AZ12<>'📝 Four-tier กรอก'!AZ6,'📝 Four-tier กรอก'!BA12="N",'📝 Four-tier กรอก'!BB12<>'📝 Four-tier กรอก'!BB6,'📝 Four-tier กรอก'!BC12="N"),"❓ NoK","🤔 Partial"))))) | Q10: =IF(OR('📝 Four-tier กรอก'!BD12="",'📝 Four-tier กรอก'!BF12=""),"—",IF(AND('📝 Four-tier กรอก'!BD12='📝 Four-tier กรอก'!BD6,'📝 Four-tier กรอก'!BE12="Y",'📝 Four-tier กรอก'!BF12='📝 Four-tier กรอก'!BF6,'📝 Four-tier กรอก'!BG12="Y"),"✅ Sound",IF(AND('📝 Four-tier กรอก'!BD12='📝 Four-tier กรอก'!BD6,'📝 Four-tier กรอก'!BE12="Y",'📝 Four-tier กรอก'!BF12<>'📝 Four-tier กรอก'!BF6,'📝 Four-tier กรอก'!BG12="Y"),"🎲 Guess",IF(AND('📝 Four-tier กรอก'!BD12<>'📝 Four-tier กรอก'!BD6,'📝 Four-tier กรอก'!BE12="Y",'📝 Four-tier กรอก'!BF12<>'📝 Four-tier กรอก'!BF6,'📝 Four-tier กรอก'!BG12="Y"),"❌ Misc.",IF(AND('📝 Four-tier กรอก'!BD12<>'📝 Four-tier กรอก'!BD6,'📝 Four-tier กรอก'!BE12="N",'📝 Four-tier กรอก'!BF12<>'📝 Four-tier กรอก'!BF6,'📝 Four-tier กรอก'!BG12="N"),"❓ NoK","🤔 Partial"))))) | R10: =IF(OR('📝 Four-tier กรอก'!BH12="",'📝 Four-tier กรอก'!BJ12=""),"—",IF(AND('📝 Four-tier กรอก'!BH12='📝 Four-tier กรอก'!BH6,'📝 Four-tier กรอก'!BI12="Y",'📝 Four-tier กรอก'!BJ12='📝 Four-tier กรอก'!BJ6,'📝 Four-tier กรอก'!BK12="Y"),"✅ Sound",IF(AND('📝 Four-tier กรอก'!BH12='📝 Four-tier กรอก'!BH6,'📝 Four-tier กรอก'!BI12="Y",'📝 Four-tier กรอก'!BJ12<>'📝 Four-tier กรอก'!BJ6,'📝 Four-tier กรอก'!BK12="Y"),"🎲 Guess",IF(AND('📝 Four-tier กรอก'!BH12<>'📝 Four-tier กรอก'!BH6,'📝 Four-tier กรอก'!BI12="Y",'📝 Four-tier กรอก'!BJ12<>'📝 Four-tier กรอก'!BJ6,'📝 Four-tier กรอก'!BK12="Y"),"❌ Misc.",IF(AND('📝 Four-tier กรอก'!BH12<>'📝 Four-tier กรอก'!BH6,'📝 Four-tier กรอก'!BI12="N",'📝 Four-tier กรอก'!BJ12<>'📝 Four-tier กรอก'!BJ6,'📝 Four-tier กรอก'!BK12="N"),"❓ NoK","🤔 Partial"))))) | S10: =IF(OR('📝 Four-tier กรอก'!BL12="",'📝 Four-tier กรอก'!BN12=""),"—",IF(AND('📝 Four-tier กรอก'!BL12='📝 Four-tier กรอก'!BL6,'📝 Four-tier กรอก'!BM12="Y",'📝 Four-tier กรอก'!BN12='📝 Four-tier กรอก'!BN6,'📝 Four-tier กรอก'!BO12="Y"),"✅ Sound",IF(AND('📝 Four-tier กรอก'!BL12='📝 Four-tier กรอก'!BL6,'📝 Four-tier กรอก'!BM12="Y",'📝 Four-tier กรอก'!BN12<>'📝 Four-tier กรอก'!BN6,'📝 Four-tier กรอก'!BO12="Y"),"🎲 Guess",IF(AND('📝 Four-tier กรอก'!BL12<>'📝 Four-tier กรอก'!BL6,'📝 Four-tier กรอก'!BM12="Y",'📝 Four-tier กรอก'!BN12<>'📝 Four-tier กรอก'!BN6,'📝 Four-tier กรอก'!BO12="Y"),"❌ Misc.",IF(AND('📝 Four-tier กรอก'!BL12<>'📝 Four-tier กรอก'!BL6,'📝 Four-tier กรอก'!BM12="N",'📝 Four-tier กรอก'!BN12<>'📝 Four-tier กรอก'!BN6,'📝 Four-tier กรอก'!BO12="N"),"❓ NoK","🤔 Partial"))))) | T10: =IF(OR('📝 Four-tier กรอก'!BP12="",'📝 Four-tier กรอก'!BR12=""),"—",IF(AND('📝 Four-tier กรอก'!BP12='📝 Four-tier กรอก'!BP6,'📝 Four-tier กรอก'!BQ12="Y",'📝 Four-tier กรอก'!BR12='📝 Four-tier กรอก'!BR6,'📝 Four-tier กรอก'!BS12="Y"),"✅ Sound",IF(AND('📝 Four-tier กรอก'!BP12='📝 Four-tier กรอก'!BP6,'📝 Four-tier กรอก'!BQ12="Y",'📝 Four-tier กรอก'!BR12<>'📝 Four-tier กรอก'!BR6,'📝 Four-tier กรอก'!BS12="Y"),"🎲 Guess",IF(AND('📝 Four-tier กรอก'!BP12<>'📝 Four-tier กรอก'!BP6,'📝 Four-tier กรอก'!BQ12="Y",'📝 Four-tier กรอก'!BR12<>'📝 Four-tier กรอก'!BR6,'📝 Four-tier กรอก'!BS12="Y"),"❌ Misc.",IF(AND('📝 Four-tier กรอก'!BP12<>'📝 Four-tier กรอก'!BP6,'📝 Four-tier กรอก'!BQ12="N",'📝 Four-tier กรอก'!BR12<>'📝 Four-tier กรอก'!BR6,'📝 Four-tier กรอก'!BS12="N"),"❓ NoK","🤔 Partial"))))) | U10: =IF(OR('📝 Four-tier กรอก'!BT12="",'📝 Four-tier กรอก'!BV12=""),"—",IF(AND('📝 Four-tier กรอก'!BT12='📝 Four-tier กรอก'!BT6,'📝 Four-tier กรอก'!BU12="Y",'📝 Four-tier กรอก'!BV12='📝 Four-tier กรอก'!BV6,'📝 Four-tier กรอก'!BW12="Y"),"✅ Sound",IF(AND('📝 Four-tier กรอก'!BT12='📝 Four-tier กรอก'!BT6,'📝 Four-tier กรอก'!BU12="Y",'📝 Four-tier กรอก'!BV12<>'📝 Four-tier กรอก'!BV6,'📝 Four-tier กรอก'!BW12="Y"),"🎲 Guess",IF(AND('📝 Four-tier กรอก'!BT12<>'📝 Four-tier กรอก'!BT6,'📝 Four-tier กรอก'!BU12="Y",'📝 Four-tier กรอก'!BV12<>'📝 Four-tier กรอก'!BV6,'📝 Four-tier กรอก'!BW12="Y"),"❌ Misc.",IF(AND('📝 Four-tier กรอก'!BT12<>'📝 Four-tier กรอก'!BT6,'📝 Four-tier กรอก'!BU12="N",'📝 Four-tier กรอก'!BV12<>'📝 Four-tier กรอก'!BV6,'📝 Four-tier กรอก'!BW12="N"),"❓ NoK","🤔 Partial"))))) | V10: =IF(OR('📝 Four-tier กรอก'!BX12="",'📝 Four-tier กรอก'!BZ12=""),"—",IF(AND('📝 Four-tier กรอก'!BX12='📝 Four-tier กรอก'!BX6,'📝 Four-tier กรอก'!BY12="Y",'📝 Four-tier กรอก'!BZ12='📝 Four-tier กรอก'!BZ6,'📝 Four-tier กรอก'!CA12="Y"),"✅ Sound",IF(AND('📝 Four-tier กรอก'!BX12='📝 Four-tier กรอก'!BX6,'📝 Four-tier กรอก'!BY12="Y",'📝 Four-tier กรอก'!BZ12<>'📝 Four-tier กรอก'!BZ6,'📝 Four-tier กรอก'!CA12="Y"),"🎲 Guess",IF(AND('📝 Four-tier กรอก'!BX12<>'📝 Four-tier กรอก'!BX6,'📝 Four-tier กรอก'!BY12="Y",'📝 Four-tier กรอก'!BZ12<>'📝 Four-tier กรอก'!BZ6,'📝 Four-tier กรอก'!CA12="Y"),"❌ Misc.",IF(AND('📝 Four-tier กรอก'!BX12<>'📝 Four-tier กรอก'!BX6,'📝 Four-tier กรอก'!BY12="N",'📝 Four-tier กรอก'!BZ12<>'📝 Four-tier กรอก'!BZ6,'📝 Four-tier กรอก'!CA12="N"),"❓ NoK","🤔 Partial"))))) | W10: =IF(OR('📝 Four-tier กรอก'!CB12="",'📝 Four-tier กรอก'!CD12=""),"—",IF(AND('📝 Four-tier กรอก'!CB12='📝 Four-tier กรอก'!CB6,'📝 Four-tier กรอก'!CC12="Y",'📝 Four-tier กรอก'!CD12='📝 Four-tier กรอก'!CD6,'📝 Four-tier กรอก'!CE12="Y"),"✅ Sound",IF(AND('📝 Four-tier กรอก'!CB12='📝 Four-tier กรอก'!CB6,'📝 Four-tier กรอก'!CC12="Y",'📝 Four-tier กรอก'!CD12<>'📝 Four-tier กรอก'!CD6,'📝 Four-tier กรอก'!CE12="Y"),"🎲 Guess",IF(AND('📝 Four-tier กรอก'!CB12<>'📝 Four-tier กรอก'!CB6,'📝 Four-tier กรอก'!CC12="Y",'📝 Four-tier กรอก'!CD12<>'📝 Four-tier กรอก'!CD6,'📝 Four-tier กรอก'!CE12="Y"),"❌ Misc.",IF(AND('📝 Four-tier กรอก'!CB12<>'📝 Four-tier กรอก'!CB6,'📝 Four-tier กรอก'!CC12="N",'📝 Four-tier กรอก'!CD12<>'📝 Four-tier กรอก'!CD6,'📝 Four-tier กรอก'!CE12="N"),"❓ NoK","🤔 Partial"))))) | X10: =COUNTIF(D10:W10,"✅ Sound") | Y10: =COUNTIF(D10:W10,"❌ Misc.") | Z10: =COUNTIF(D10:W10,"🎲 Guess") | AA10: =COUNTIF(D10:W10,"❓ NoK")
